-- MySQL dump 10.13  Distrib 8.0.20, for Win64 (x86_64)
--
-- Host: localhost    Database: portfolio
-- ------------------------------------------------------
-- Server version	8.0.20

/*!40101 SET @OLD_CHARACTER_SET_CLIENT=@@CHARACTER_SET_CLIENT */;
/*!40101 SET @OLD_CHARACTER_SET_RESULTS=@@CHARACTER_SET_RESULTS */;
/*!40101 SET @OLD_COLLATION_CONNECTION=@@COLLATION_CONNECTION */;
/*!50503 SET NAMES utf8mb4 */;
/*!40103 SET @OLD_TIME_ZONE=@@TIME_ZONE */;
/*!40103 SET TIME_ZONE='+00:00' */;
/*!40014 SET @OLD_UNIQUE_CHECKS=@@UNIQUE_CHECKS, UNIQUE_CHECKS=0 */;
/*!40014 SET @OLD_FOREIGN_KEY_CHECKS=@@FOREIGN_KEY_CHECKS, FOREIGN_KEY_CHECKS=0 */;
/*!40101 SET @OLD_SQL_MODE=@@SQL_MODE, SQL_MODE='NO_AUTO_VALUE_ON_ZERO' */;
/*!40111 SET @OLD_SQL_NOTES=@@SQL_NOTES, SQL_NOTES=0 */;

--
-- Table structure for table `bbs_document`
--

DROP TABLE IF EXISTS `bbs_document`;
/*!40101 SET @saved_cs_client     = @@character_set_client */;
/*!50503 SET character_set_client = utf8mb4 */;
CREATE TABLE `bbs_document` (
  `id` int NOT NULL AUTO_INCREMENT COMMENT '게시물 등록 번호',
  `category` enum('N','Q') CHARACTER SET utf8 COLLATE utf8_general_ci NOT NULL COMMENT '게시판종류 N-공지사항, Q-자유게시판, R-정비이력',
  `subject` varchar(45) CHARACTER SET utf8 COLLATE utf8_general_ci NOT NULL COMMENT '게시물 제목',
  `content` blob NOT NULL COMMENT '게시물 내용',
  `reg_date` datetime NOT NULL COMMENT '게시물 작성 일자',
  `edit_date` datetime DEFAULT NULL COMMENT '게시물 수정 일자',
  `q_type` enum('R','P','E') CHARACTER SET utf8 COLLATE utf8_general_ci DEFAULT NULL COMMENT '문의 유형\nR-예약문의, P-부품문의, E-기타문의',
  `members_id` int NOT NULL,
  PRIMARY KEY (`id`),
  KEY `fk_bbs_document_members_idx` (`members_id`),
  CONSTRAINT `fk_bbs_document_members` FOREIGN KEY (`members_id`) REFERENCES `members` (`id`)
) ENGINE=InnoDB AUTO_INCREMENT=39 DEFAULT CHARSET=utf8 COLLATE=utf8_bin;
/*!40101 SET character_set_client = @saved_cs_client */;

--
-- Dumping data for table `bbs_document`
--

LOCK TABLES `bbs_document` WRITE;
/*!40000 ALTER TABLE `bbs_document` DISABLE KEYS */;
INSERT INTO `bbs_document` VALUES (1,'N','첫번째 공지사항',_binary '<p>첫번째 공지사항첫번째 공지사항첫번째 공지사항첫번째 공지사항첫번째 공지사항첫번째 공지사항첫번째 공지사항첫번째첫번째 공지사항첫번째 공지사항첫번째 공지사항첫번째 공지사항첫번째 공지사항첫번째 공지사항첫번째 공지사항첫번째첫번째 공지사항첫번째 공지사항첫번째 공지사항첫번째 공지사항첫번째 공지사항첫번째 공지사항첫번째 공지사항첫번째첫번째 공지사항첫번째 공지사항첫번째 공지사항첫번째 공지사항첫번째 공지사항첫번째 공지사항첫번째 공지사항첫번째첫번째 공지사항첫번째 공지사항첫번째 공지사항첫번째 공지사항첫번째 공지사항첫번째 공지사항첫번째 공지사항첫번째첫번째 공지사항첫번째 공지사항첫번째 공지사항첫번째 공지사항첫번째 공지사항첫번째 공지사항첫번째 공지사항첫번째첫번째 공지사항첫번째 공지사항첫번째 공지사항첫번째 공지사항첫번째 공지사항첫번째 공지사항첫번째 공지사항첫번째첫번째 공지사항첫번째 공지사항첫번째 공지사항첫번째 공지사항첫번째 공지사항첫번째 공지사항첫번째 공지사항첫번째첫번째 공지사항첫번째 공지사항첫번째 공지사항첫번째 공지사항첫번째 공지사항첫번째 공지사항첫번째 공지사항첫번째첫번째 공지사항첫번째 공지사항첫번째 공지사항첫번째 공지사항첫번째 공지사항첫번째 공지사항첫번째 공지사항첫번째첫번째 공지사항첫번째 공지사항첫번째 공지사항첫번째 공지사항첫번째 공지사항첫번째 공지사항첫번째 공지사항첫번째첫번째 공지사항첫번째 공지사항첫번째 공지사항첫번째 공지사항첫번째 공지사항첫번째 공지사항첫번째 공지사항첫번째첫번째 공지사항첫번째 공지사항첫번째 공지사항첫번째 공지사항첫번째 공지사항첫번째 공지사항첫번째 공지사항첫번째첫번째 공지사항첫번째 공지사항첫번째 공지사항첫번째 공지사항첫번째 공지사항첫번째 공지사항첫번째 공지사항첫번째첫번째 공지사항첫번째 공지사항첫번째 공지사항첫번째 공지사항첫번째 공지사항첫번째 공지사항첫번째 공지사항첫번째첫번째 공지사항첫번째 공지사항첫번째 공지사항첫번째 공지사항첫번째 공지사항첫번째 공지사항첫번째 공지사항첫번째첫번째 공지사항첫번째 공지사항첫번째 공지사항첫번째 공지사항첫번째 공지사항첫번째 공지사항첫번째 공지사항첫번째첫번째 공지사항첫번째 공지사항첫번째 공지사항첫번째 공지사항첫번째 공지사항첫번째 공지사항첫번째 공지사항첫번째첫번째 공지사항첫번째 공지사항첫번째 공지사항첫번째 공지사항첫번째 공지사항첫번째 공지사항첫번째 공지사항첫번째첫번째 공지사항첫번째 공지사항첫번째 공지사항첫번째 공지사항첫번째 공지사항첫번째 공지사항첫번째 공지사항첫번째첫번째 공지사항첫번째 공지사항첫번째 공지사항첫번째 공지사항첫번째 공지사항첫번째 공지사항첫번째 공지사항첫번째첫번째 공지사항첫번째 공지사항첫번째 공지사항첫번째 공지사항첫번째 공지사항첫번째 공지사항첫번째 공지사항첫번째첫번째 공지사항첫번째 공지사항첫번째 공지사항첫번째 공지사항첫번째 공지사항첫번째 공지사항첫번째 공지사항첫번째첫번째 공지사항첫번째 공지사항첫번째 공지사항첫번째 공지사항첫번째 공지사항첫번째 공지사항첫번째 공지사항첫번째첫번째 공지사항첫번째 공지사항첫번째 공지사항첫번째 공지사항첫번째 공지사항첫번째 공지사항첫번째 공지사항첫번째첫번째 공지사항첫번째 공지사항첫번째 공지사항첫번째 공지사항첫번째 공지사항첫번째 공지사항첫번째 공지사항첫번째첫번째 공지사항첫번째 공지사항첫번째 공지사항첫번째 공지사항첫번째 공지사항첫번째 공지사항첫번째 공지사항첫번째첫번째 공지사항첫번째 공지사항첫번째 공지사항첫번째 공지사항첫번째 공지사항첫번째 공지사항첫번째 공지사항첫번째첫번째 공지사항첫번째 공지사항첫번째 공지사항첫번째 공지사항첫번째 공지사항첫번째 공지사항첫번째 공지사항첫번째첫번째 공지사항첫번째 공지사항첫번째 공지사항첫번째 공지사항첫번째 공지사항첫번째 공지사항첫번째 공지사항첫번째 공지사항첫번째 공지사항첫번째 공지사항첫번째 공지사항첫번째 공지사항첫번째 공지사항첫번째 공지사항첫번째 공지사항첫번째 공지사항첫번째 공지사항첫번째 공지사항</p>','2023-06-05 11:55:26',NULL,NULL,1),(2,'N','두번째 공지사항',_binary '<p>두번째 공지사항두번째 공지사항두번째 공지사항두번째 공지사항두번째 공지사항두번째 공지사항두번째 공지사항두번째 공지사항두번째 공지사항두번째 공지사항두번째 공지사항두번째 공지사항두번째 공지사항두번째 공지사항두번째 공지사항두번째 공지사항두번째 공지사항두번째 공지사항두번째 공지사항두번째 공지사항두번째 공지사항두번째 공지사항두번째 공지사항두번째 공지사항두번째 공지사항두번째 공지사항두번째 공지사항두번째 공지사항두번째 공지사항두번째 공지사항두번째 공지사항두번째 공지사항두번째 공지사항두번째 공지사항두번째 공지사항두번째 공지사항두번째 공지사항두번째 공지사항두번째 공지사항두번째 공지사항두번째 공지사항두번째 공지사항두번째 공지사항두번째 공지사항두번째 공지사항두번째 공지사항두번째 공지사항두번째 공지사항두번째 공지사항두번째 공지사항두번째 공지사항두번째 공지사항두번째 공지사항두번째 공지사항두번째 공지사항두번째 공지사항두번째 공지사항두번째 공지사항두번째 공지사항두번째 공지사항두번째 공지사항두번째 공지사항두번째 공지사항두번째 공지사항두번째 공지사항두번째 공지사항두번째 공지사항두번째 공지사항두번째 공지사항두번째 공지사항두번째 공지사항두번째 공지사항두번째 공지사항두번째 공지사항두번째 공지사항두번째 공지사항두번째 공지사항두번째 공지사항두번째 공지사항두번째 공지사항두번째 공지사항두번째 공지사항두번째 공지사항두번째 공지사항두번째 공지사항두번째 공지사항두번째 공지사항두번째 공지사항두번째 공지사항두번째 공지사항두번째 공지사항두번째 공지사항두번째 공지사항두번째 공지사항두번째 공지사항두번째 공지사항두번째 공지사항두번째 공지사항두번째 공지사항두번째 공지사항두번째 공지사항두번째 공지사항두번째 공지사항두번째 공지사항두번째 공지사항두번째 공지사항두번째 공지사항두번째 공지사항두번째 공지사항두번째 공지사항두번째 공지사항두번째 공지사항두번째 공지사항두번째 공지사항두번째 공지사항두번째 공지사항두번째 공지사항두번째 공지사항두번째 공지사항두번째 공지사항두번째 공지사항두번째 공지사항두번째 공지사항두번째 공지사항두번째 공지사항두번째 공지사항두번째 공지사항두번째 공지사항두번째 공지사항두번째 공지사항두번째 공지사항두번째 공지사항두번째 공지사항두번째 공지사항두번째 공지사항두번째 공지사항두번째 공지사항두번째 공지사항두번째 공지사항두번째 공지사항두번째 공지사항두번째 공지사항두번째 공지사항두번째 공지사항두번째 공지사항두번째 공지사항두번째 공지사항두번째 공지사항두번째 공지사항두번째 공지사항두번째 공지사항두번째 공지사항두번째 공지사항두번째 공지사항두번째 공지사항두번째 공지사항두번째 공지사항두번째 공지사항두번째 공지사항두번째 공지사항두번째 공지사항두번째 공지사항두번째 공지사항두번째 공지사항두번째 공지사항두번째 공지사항두번째 공지사항두번째 공지사항두번째 공지사항두번째 공지사항두번째 공지사항두번째 공지사항두번째 공지사항두번째 공지사항두번째 공지사항두번째 공지사항두번째 공지사항두번째 공지사항두번째 공지사항두번째 공지사항두번째 공지사항두번째 공지사항두번째 공지사항두번째 공지사항두번째 공지사항두번째 공지사항두번째 공지사항두번째 공지사항두번째 공지사항두번째 공지사항두번째 공지사항두번째 공지사항두번째 공지사항두번째 공지사항두번째 공지사항두번째 공지사항두번째 공지사항두번째 공지사항두번째 공지사항두번째 공지사항두번째 공지사항두번째 공지사항두번째 공지사항두번째 공지사항두번째 공지사항두번째 공지사항두번째 공지사항두번째 공지사항두번째 공지사항두번째 공지사항두번째 공지사항두번째 공지사항두번째 공지사항두번째 공지사항두번째 공지사항두번째 공지사항두번째 공지사항두번째 공지사항두번째 공지사항두번째 공지사항두번째 공지사항두번째 공지사항두번째 공지사항두번째 공지사항두번째 공지사항두번째 공지사항두번째 공지사항두번째 공지사항두번째 공지사항두번째 공지사항두번째 공지사항두번째 공지사항두번째 공지사항두번째 공지사항두번째 공지사항두번째 공지사항두번째 공지사항두번째 공지사항두번째 공지사항두번째 공지사항두번째 공지사항두번째 공지사항두번째 공지사항두번째 공지사항두번째 공지사항두번째 공지사항두번째 공지사항두번째 공지사항두번째 공지사항두번째 공지사항두번째 공지사항두번째 공지사항두번째 공지사항두번째 공지사항두번째 공지사항두번째 공지사항두번째 공지사항두번째 공지사항두번째 공지사항두번째 공지사항두번째 공지사항두번째 공지사항두번째 공지사항두번째 공지사항두번째 공지사항두번째 공지사항두번째 공지사항두번째 공지사항두번째 공지사항두번째 공지사항두번째 공지사항두번째 공지사항두번째 공지사항두번째 공지사항두번째 공지사항두번째 공지사항두번째 공지사항두번째 공지사항두번째 공지사항두번째 공지사항두번째 공지사항두번째 공지사항두번째 공지사항두번째 공지사항두번째 공지사항두번째 공지사항두번째 공지사항두번째 공지사항두번째 공지사항두번째 공지사항</p>','2023-06-05 11:56:40',NULL,NULL,1),(3,'N','세번째 공지사항',_binary '<p>세번째 공지사항세번째 공지사항세번째 공지사항세번째 공지사항세번째 공지사항세번째 공지사항세번째 공지사항세번째 공지사항세번째 공지사항세번째 공지사항세번째 공지사항세번째 공지사항세번째 공지사항세번째 공지사항세번째 공지사항세번째 공지사항세번째 공지사항세번째 공지사항세번째 공지사항세번째 공지사항세번째 공지사항세번째 공지사항세번째 공지사항세번째 공지사항세번째 공지사항세번째 공지사항세번째 공지사항세번째 공지사항세번째 공지사항세번째 공지사항세번째 공지사항세번째 공지사항세번째 공지사항세번째 공지사항세번째 공지사항세번째 공지사항세번째 공지사항세번째 공지사항세번째 공지사항세번째 공지사항세번째 공지사항세번째 공지사항세번째 공지사항세번째 공지사항세번째 공지사항세번째 공지사항세번째 공지사항세번째 공지사항세번째 공지사항세번째 공지사항세번째 공지사항세번째 공지사항세번째 공지사항세번째 공지사항세번째 공지사항세번째 공지사항세번째 공지사항세번째 공지사항세번째 공지사항세번째 공지사항세번째 공지사항세번째 공지사항세번째 공지사항세번째 공지사항세번째 공지사항세번째 공지사항세번째 공지사항세번째 공지사항세번째 공지사항세번째 공지사항세번째 공지사항세번째 공지사항세번째 공지사항세번째 공지사항세번째 공지사항세번째 공지사항세번째 공지사항세번째 공지사항세번째 공지사항세번째 공지사항세번째 공지사항세번째 공지사항세번째 공지사항세번째 공지사항세번째 공지사항세번째 공지사항세번째 공지사항세번째 공지사항세번째 공지사항세번째 공지사항세번째 공지사항세번째 공지사항세번째 공지사항세번째 공지사항세번째 공지사항세번째 공지사항세번째 공지사항세번째 공지사항세번째 공지사항세번째 공지사항세번째 공지사항세번째 공지사항세번째 공지사항세번째 공지사항세번째 공지사항세번째 공지사항세번째 공지사항세번째 공지사항세번째 공지사항세번째 공지사항세번째 공지사항세번째 공지사항세번째 공지사항세번째 공지사항세번째 공지사항세번째 공지사항세번째 공지사항세번째 공지사항세번째 공지사항세번째 공지사항세번째 공지사항세번째 공지사항세번째 공지사항세번째 공지사항세번째 공지사항세번째 공지사항세번째 공지사항세번째 공지사항세번째 공지사항세번째 공지사항세번째 공지사항세번째 공지사항세번째 공지사항세번째 공지사항세번째 공지사항세번째 공지사항세번째 공지사항세번째 공지사항세번째 공지사항세번째 공지사항세번째 공지사항세번째 공지사항세번째 공지사항세번째 공지사항세번째 공지사항세번째 공지사항세번째 공지사항세번째 공지사항세번째 공지사항세번째 공지사항세번째 공지사항세번째 공지사항세번째 공지사항세번째 공지사항세번째 공지사항세번째 공지사항세번째 공지사항세번째 공지사항세번째 공지사항세번째 공지사항세번째 공지사항세번째 공지사항세번째 공지사항세번째 공지사항세번째 공지사항세번째 공지사항세번째 공지사항세번째 공지사항세번째 공지사항세번째 공지사항세번째 공지사항세번째 공지사항세번째 공지사항세번째 공지사항세번째 공지사항세번째 공지사항세번째 공지사항세번째 공지사항세번째 공지사항세번째 공지사항세번째 공지사항세번째 공지사항세번째 공지사항세번째 공지사항세번째 공지사항세번째 공지사항세번째 공지사항세번째 공지사항세번째 공지사항세번째 공지사항세번째 공지사항세번째 공지사항세번째 공지사항세번째 공지사항세번째 공지사항세번째 공지사항세번째 공지사항세번째 공지사항세번째 공지사항세번째 공지사항세번째 공지사항세번째 공지사항세번째 공지사항세번째 공지사항세번째 공지사항세번째 공지사항세번째 공지사항세번째 공지사항세번째 공지사항세번째 공지사항세번째 공지사항세번째 공지사항세번째 공지사항세번째 공지사항세번째 공지사항세번째 공지사항세번째 공지사항세번째 공지사항세번째 공지사항세번째 공지사항세번째 공지사항세번째 공지사항세번째 공지사항세번째 공지사항세번째 공지사항세번째 공지사항세번째 공지사항세번째 공지사항세번째 공지사항세번째 공지사항세번째 공지사항세번째 공지사항세번째 공지사항세번째 공지사항세번째 공지사항세번째 공지사항세번째 공지사항세번째 공지사항세번째 공지사항세번째 공지사항세번째 공지사항세번째 공지사항세번째 공지사항세번째 공지사항세번째 공지사항세번째 공지사항세번째 공지사항세번째 공지사항세번째 공지사항세번째 공지사항세번째 공지사항세번째 공지사항세번째 공지사항세번째 공지사항세번째 공지사항세번째 공지사항세번째 공지사항세번째 공지사항세번째 공지사항세번째 공지사항세번째 공지사항세번째 공지사항세번째 공지사항세번째 공지사항세번째 공지사항세번째 공지사항세번째 공지사항세번째 공지사항세번째 공지사항세번째 공지사항세번째 공지사항세번째 공지사항세번째 공지사항세번째 공지사항세번째 공지사항세번째 공지사항세번째 공지사항세번째 공지사항세번째 공지사항세번째 공지사항세번째 공지사항세번째 공지사항세번째 공지사항세번째 공지사항세번째 공지사항세번째 공지사항세번째 공지사항세번째 공지사항</p>','2023-06-05 11:56:55',NULL,NULL,1),(4,'N','네번째 공지사항',_binary '<p>네번째 공지사항네번째 공지사항네번째 공지사항네번째 공지사항네번째 공지사항네번째 공지사항네번째 공지사항네번째 공지사항네번째 공지사항네번째 공지사항네번째 공지사항네번째 공지사항네번째 공지사항네번째 공지사항네번째 공지사항네번째 공지사항네번째 공지사항네번째 공지사항네번째 공지사항네번째 공지사항네번째 공지사항네번째 공지사항네번째 공지사항네번째 공지사항네번째 공지사항네번째 공지사항네번째 공지사항네번째 공지사항네번째 공지사항네번째 공지사항네번째 공지사항네번째 공지사항네번째 공지사항네번째 공지사항네번째 공지사항네번째 공지사항네번째 공지사항네번째 공지사항네번째 공지사항네번째 공지사항네번째 공지사항네번째 공지사항네번째 공지사항네번째 공지사항네번째 공지사항네번째 공지사항네번째 공지사항네번째 공지사항네번째 공지사항네번째 공지사항네번째 공지사항네번째 공지사항네번째 공지사항네번째 공지사항네번째 공지사항네번째 공지사항네번째 공지사항네번째 공지사항네번째 공지사항네번째 공지사항네번째 공지사항네번째 공지사항네번째 공지사항네번째 공지사항네번째 공지사항네번째 공지사항네번째 공지사항네번째 공지사항네번째 공지사항네번째 공지사항네번째 공지사항네번째 공지사항네번째 공지사항네번째 공지사항네번째 공지사항네번째 공지사항네번째 공지사항네번째 공지사항네번째 공지사항네번째 공지사항네번째 공지사항네번째 공지사항네번째 공지사항네번째 공지사항네번째 공지사항네번째 공지사항네번째 공지사항네번째 공지사항네번째 공지사항네번째 공지사항네번째 공지사항네번째 공지사항네번째 공지사항네번째 공지사항네번째 공지사항네번째 공지사항네번째 공지사항네번째 공지사항네번째 공지사항네번째 공지사항네번째 공지사항네번째 공지사항네번째 공지사항네번째 공지사항네번째 공지사항네번째 공지사항네번째 공지사항네번째 공지사항네번째 공지사항네번째 공지사항네번째 공지사항네번째 공지사항네번째 공지사항네번째 공지사항네번째 공지사항네번째 공지사항네번째 공지사항네번째 공지사항네번째 공지사항네번째 공지사항네번째 공지사항네번째 공지사항네번째 공지사항네번째 공지사항네번째 공지사항네번째 공지사항네번째 공지사항네번째 공지사항네번째 공지사항네번째 공지사항네번째 공지사항네번째 공지사항네번째 공지사항네번째 공지사항네번째 공지사항네번째 공지사항네번째 공지사항네번째 공지사항네번째 공지사항네번째 공지사항네번째 공지사항네번째 공지사항네번째 공지사항네번째 공지사항네번째 공지사항네번째 공지사항네번째 공지사항네번째 공지사항네번째 공지사항네번째 공지사항네번째 공지사항네번째 공지사항네번째 공지사항네번째 공지사항네번째 공지사항네번째 공지사항네번째 공지사항네번째 공지사항네번째 공지사항네번째 공지사항네번째 공지사항네번째 공지사항네번째 공지사항네번째 공지사항네번째 공지사항네번째 공지사항네번째 공지사항네번째 공지사항네번째 공지사항네번째 공지사항네번째 공지사항네번째 공지사항네번째 공지사항네번째 공지사항네번째 공지사항네번째 공지사항네번째 공지사항네번째 공지사항네번째 공지사항네번째 공지사항네번째 공지사항네번째 공지사항네번째 공지사항네번째 공지사항네번째 공지사항네번째 공지사항네번째 공지사항네번째 공지사항네번째 공지사항네번째 공지사항네번째 공지사항네번째 공지사항네번째 공지사항네번째 공지사항네번째 공지사항네번째 공지사항네번째 공지사항네번째 공지사항네번째 공지사항네번째 공지사항네번째 공지사항네번째 공지사항네번째 공지사항네번째 공지사항네번째 공지사항네번째 공지사항네번째 공지사항네번째 공지사항네번째 공지사항네번째 공지사항네번째 공지사항네번째 공지사항네번째 공지사항네번째 공지사항네번째 공지사항네번째 공지사항</p>','2023-06-05 15:27:32',NULL,NULL,1),(5,'N','다섯번째 공지사항',_binary '<p>다섯번째 공지사항다섯번째 공지사항다섯번째 공지사항다섯번째 공지사항다섯번째 공지사항다섯번째 공지사항다섯번째 공지사항다섯번째 공지사항다섯번째 공지사항다섯번째 공지사항다섯번째 공지사항다섯번째 공지사항다섯번째 공지사항다섯번째 공지사항다섯번째 공지사항다섯번째 공지사항다섯번째 공지사항다섯번째 공지사항다섯번째 공지사항다섯번째 공지사항다섯번째 공지사항다섯번째 공지사항다섯번째 공지사항다섯번째 공지사항다섯번째 공지사항다섯번째 공지사항다섯번째 공지사항다섯번째 공지사항다섯번째 공지사항다섯번째 공지사항다섯번째 공지사항다섯번째 공지사항다섯번째 공지사항다섯번째 공지사항다섯번째 공지사항다섯번째 공지사항다섯번째 공지사항다섯번째 공지사항다섯번째 공지사항다섯번째 공지사항다섯번째 공지사항다섯번째 공지사항다섯번째 공지사항다섯번째 공지사항다섯번째 공지사항다섯번째 공지사항다섯번째 공지사항다섯번째 공지사항다섯번째 공지사항다섯번째 공지사항다섯번째 공지사항다섯번째 공지사항다섯번째 공지사항다섯번째 공지사항다섯번째 공지사항다섯번째 공지사항다섯번째 공지사항다섯번째 공지사항다섯번째 공지사항다섯번째 공지사항다섯번째 공지사항다섯번째 공지사항다섯번째 공지사항다섯번째 공지사항다섯번째 공지사항다섯번째 공지사항다섯번째 공지사항다섯번째 공지사항다섯번째 공지사항다섯번째 공지사항다섯번째 공지사항다섯번째 공지사항다섯번째 공지사항다섯번째 공지사항다섯번째 공지사항다섯번째 공지사항다섯번째 공지사항다섯번째 공지사항다섯번째 공지사항다섯번째 공지사항다섯번째 공지사항다섯번째 공지사항다섯번째 공지사항다섯번째 공지사항다섯번째 공지사항다섯번째 공지사항다섯번째 공지사항다섯번째 공지사항다섯번째 공지사항다섯번째 공지사항다섯번째 공지사항다섯번째 공지사항다섯번째 공지사항다섯번째 공지사항다섯번째 공지사항다섯번째 공지사항다섯번째 공지사항다섯번째 공지사항다섯번째 공지사항다섯번째 공지사항다섯번째 공지사항다섯번째 공지사항다섯번째 공지사항다섯번째 공지사항다섯번째 공지사항다섯번째 공지사항다섯번째 공지사항다섯번째 공지사항다섯번째 공지사항다섯번째 공지사항다섯번째 공지사항다섯번째 공지사항다섯번째 공지사항다섯번째 공지사항다섯번째 공지사항다섯번째 공지사항다섯번째 공지사항다섯번째 공지사항다섯번째 공지사항다섯번째 공지사항다섯번째 공지사항다섯번째 공지사항다섯번째 공지사항다섯번째 공지사항다섯번째 공지사항다섯번째 공지사항다섯번째 공지사항다섯번째 공지사항다섯번째 공지사항다섯번째 공지사항다섯번째 공지사항다섯번째 공지사항다섯번째 공지사항다섯번째 공지사항다섯번째 공지사항다섯번째 공지사항다섯번째 공지사항다섯번째 공지사항다섯번째 공지사항다섯번째 공지사항다섯번째 공지사항다섯번째 공지사항다섯번째 공지사항다섯번째 공지사항다섯번째 공지사항다섯번째 공지사항다섯번째 공지사항다섯번째 공지사항다섯번째 공지사항다섯번째 공지사항다섯번째 공지사항다섯번째 공지사항다섯번째 공지사항다섯번째 공지사항다섯번째 공지사항다섯번째 공지사항다섯번째 공지사항다섯번째 공지사항다섯번째 공지사항다섯번째 공지사항다섯번째 공지사항다섯번째 공지사항다섯번째 공지사항다섯번째 공지사항다섯번째 공지사항다섯번째 공지사항다섯번째 공지사항다섯번째 공지사항다섯번째 공지사항다섯번째 공지사항다섯번째 공지사항다섯번째 공지사항다섯번째 공지사항다섯번째 공지사항다섯번째 공지사항다섯번째 공지사항다섯번째 공지사항다섯번째 공지사항다섯번째 공지사항다섯번째 공지사항다섯번째 공지사항다섯번째 공지사항다섯번째 공지사항다섯번째 공지사항다섯번째 공지사항다섯번째 공지사항다섯번째 공지사항다섯번째 공지사항다섯번째 공지사항다섯번째 공지사항다섯번째 공지사항다섯번째 공지사항다섯번째 공지사항다섯번째 공지사항다섯번째 공지사항다섯번째 공지사항다섯번째 공지사항다섯번째 공지사항다섯번째 공지사항다섯번째 공지사항다섯번째 공지사항다섯번째 공지사항다섯번째 공지사항다섯번째 공지사항다섯번째 공지사항다섯번째 공지사항다섯번째 공지사항다섯번째 공지사항다섯번째 공지사항다섯번째 공지사항다섯번째 공지사항다섯번째 공지사항다섯번째 공지사항다섯번째 공지사항다섯번째 공지사항다섯번째 공지사항다섯번째 공지사항다섯번째 공지사항다섯번째 공지사항다섯번째 공지사항다섯번째 공지사항다섯번째 공지사항다섯번째 공지사항다섯번째 공지사항다섯번째 공지사항다섯번째 공지사항다섯번째 공지사항다섯번째 공지사항다섯번째 공지사항다섯번째 공지사항다섯번째 공지사항다섯번째 공지사항다섯번째 공지사항다섯번째 공지사항다섯번째 공지사항다섯번째 공지사항다섯번째 공지사항다섯번째 공지사항다섯번째 공지사항다섯번째 공지사항다섯번째 공지사항다섯번째 공지사항다섯번째 공지사항다섯번째 공지사항다섯번째 공지사항다섯번째 공지사항다섯번째 공지사항다섯번째 공지사항다섯번째 공지사항다섯번째 공지사항다섯번째 공지사항다섯번째 공지사항다섯번째 공지사항다섯번째 공지사항다섯번째 공지사항다섯번째 공지사항다섯번째 공지사항다섯번째 공지사항다섯번째 공지사항다섯번째 공지사항다섯번째 공지사항다섯번째 공지사항다섯번째 공지사항다섯번째 공지사항다섯번째 공지사항다섯번째 공지사항다섯번째 공지사항다섯번째 공지사항다섯번째 공지사항다섯번째 공지사항다섯번째 공지사항다섯번째 공지사항다섯번째 공지사항다섯번째 공지사항다섯번째 공지사항다섯번째 공지사항다섯번째 공지사항다섯번째 공지사항다섯번째 공지사항다섯번째 공지사항다섯번째 공지사항다섯번째 공지사항다섯번째 공지사항다섯번째 공지사항다섯번째 공지사항다섯번째 공지사항다섯번째 공지사항다섯번째 공지사항다섯번째 공지사항다섯번째 공지사항다섯번째 공지사항다섯번째 공지사항다섯번째 공지사항다섯번째 공지사항다섯번째 공지사항다섯번째 공지사항다섯번째 공지사항다섯번째 공지사항다섯번째 공지사항다섯번째 공지사항다섯번째 공지사항다섯번째 공지사항다섯번째 공지사항다섯번째 공지사항다섯번째 공지사항다섯번째 공지사항다섯번째 공지사항다섯번째 공지사항다섯번째 공지사항다섯번째 공지사항다섯번째 공지사항다섯번째 공지사항다섯번째 공지사항다섯번째 공지사항다섯번째 공지사항다섯번째 공지사항다섯번째 공지사항다섯번째 공지사항다섯번째 공지사항다섯번째 공지사항다섯번째 공지사항다섯번째 공지사항다섯번째 공지사항다섯번째 공지사항다섯번째 공지사항다섯번째 공지사항다섯번째 공지사항다섯번째 공지사항다섯번째 공지사항다섯번째 공지사항다섯번째 공지사항다섯번째 공지사항다섯번째 공지사항다섯번째 공지사항다섯번째 공지사항다섯번째 공지사항다섯번째 공지사항다섯번째 공지사항다섯번째 공지사항다섯번째 공지사항다섯번째 공지사항다섯번째 공지사항다섯번째 공지사항다섯번째 공지사항다섯번째 공지사항다섯번째 공지사항다섯번째 공지사항다섯번째 공지사항다섯번째 공지사항다섯번째 공지사항다섯번째 공지사항다섯번째 공지사항다섯번째 공지사항다섯번째 공지사항다섯번째 공지사항다섯번째 공지사항다섯번째 공지사항다섯번째 공지사항다섯번째 공지사항다섯번째 공지사항다섯번째 공지사항다섯번째 공지사항다섯번째 공지사항다섯번째 공지사항다섯번째 공지사항다섯번째 공지사항다섯번째 공지사항다섯번째 공지사항다섯번째 공지사항다섯번째 공지사항다섯번째 공지사항다섯번째 공지사항다섯번째 공지사항다섯번째 공지사항다섯번째 공지사항다섯번째 공지사항다섯번째 공지사항다섯번째 공지사항다섯번째 공지사항다섯번째 공지사항다섯번째 공지사항다섯번째 공지사항다섯번째 공지사항다섯번째 공지사항다섯번째 공지사항다섯번째 공지사항다섯번째 공지사항다섯번째 공지사항다섯번째 공지사항다섯번째 공지사항다섯번째 공지사항다섯번째 공지사항다섯번째 공지사항다섯번째 공지사항다섯번째 공지사항다섯번째 공지사항다섯번째 공지사항다섯번째 공지사항다섯번째 공지사항다섯번째 공지사항다섯번째 공지사항다섯번째 공지사항다섯번째 공지사항다섯번째 공지사항다섯번째 공지사항다섯번째 공지사항다섯번째 공지사항다섯번째 공지사항다섯번째 공지사항다섯번째 공지사항다섯번째 공지사항다섯번째 공지사항다섯번째 공지사항다섯번째 공지사항다섯번째 공지사항다섯번째 공지사항다섯번째 공지사항다섯번째 공지사항다섯번째 공지사항다섯번째 공지사항다섯번째 공지사항다섯번째 공지사항다섯번째 공지사항다섯번째 공지사항다섯번째 공지사항다섯번째 공지사항다섯번째 공지사항다섯번째 공지사항다섯번째 공지사항다섯번째 공지사항다섯번째 공지사항다섯번째 공지사항다섯번째 공지사항다섯번째 공지사항다섯번째 공지사항다섯번째 공지사항다섯번째 공지사항다섯번째 공지사항다섯번째 공지사항다섯번째 공지사항다섯번째 공지사항다섯번째 공지사항다섯번째 공지사항다섯번째 공지사항다섯번째 공지사항다섯번째 공지사항다섯번째 공지사항다섯번째 공지사항다섯번째 공지사항다섯번째 공지사항다섯번째 공지사항다섯번째 공지사항다섯번째 공지사항다섯번째 공지사항다섯번째 공지사항다섯번째 공지사항다섯번째 공지사항다섯번째 공지사항다섯번째 공지사항다섯번째 공지사항다섯번째 공지사항다섯번째 공지사항</p>','2023-06-05 15:27:46',NULL,NULL,1),(6,'N','여섯번째 공지사항',_binary '<p>여섯번째 공지사항여섯번째 공지사항여섯번째 공지사항여섯번째 공지사항여섯번째 공지사항여섯번째 공지사항여섯번째 공지사항여섯번째 공지사항여섯번째 공지사항여섯번째 공지사항여섯번째 공지사항여섯번째 공지사항여섯번째 공지사항여섯번째 공지사항여섯번째 공지사항여섯번째 공지사항여섯번째 공지사항여섯번째 공지사항여섯번째 공지사항여섯번째 공지사항여섯번째 공지사항여섯번째 공지사항여섯번째 공지사항여섯번째 공지사항여섯번째 공지사항여섯번째 공지사항여섯번째 공지사항여섯번째 공지사항여섯번째 공지사항여섯번째 공지사항여섯번째 공지사항여섯번째 공지사항여섯번째 공지사항여섯번째 공지사항여섯번째 공지사항여섯번째 공지사항여섯번째 공지사항여섯번째 공지사항여섯번째 공지사항여섯번째 공지사항여섯번째 공지사항여섯번째 공지사항여섯번째 공지사항여섯번째 공지사항여섯번째 공지사항여섯번째 공지사항여섯번째 공지사항여섯번째 공지사항여섯번째 공지사항여섯번째 공지사항여섯번째 공지사항여섯번째 공지사항여섯번째 공지사항여섯번째 공지사항여섯번째 공지사항여섯번째 공지사항여섯번째 공지사항여섯번째 공지사항여섯번째 공지사항여섯번째 공지사항여섯번째 공지사항여섯번째 공지사항여섯번째 공지사항여섯번째 공지사항여섯번째 공지사항여섯번째 공지사항여섯번째 공지사항여섯번째 공지사항여섯번째 공지사항여섯번째 공지사항여섯번째 공지사항여섯번째 공지사항여섯번째 공지사항여섯번째 공지사항여섯번째 공지사항여섯번째 공지사항여섯번째 공지사항여섯번째 공지사항여섯번째 공지사항여섯번째 공지사항여섯번째 공지사항여섯번째 공지사항여섯번째 공지사항여섯번째 공지사항여섯번째 공지사항여섯번째 공지사항여섯번째 공지사항여섯번째 공지사항여섯번째 공지사항여섯번째 공지사항여섯번째 공지사항여섯번째 공지사항여섯번째 공지사항여섯번째 공지사항여섯번째 공지사항여섯번째 공지사항여섯번째 공지사항여섯번째 공지사항여섯번째 공지사항여섯번째 공지사항여섯번째 공지사항여섯번째 공지사항여섯번째 공지사항여섯번째 공지사항여섯번째 공지사항여섯번째 공지사항여섯번째 공지사항여섯번째 공지사항여섯번째 공지사항여섯번째 공지사항여섯번째 공지사항여섯번째 공지사항여섯번째 공지사항여섯번째 공지사항여섯번째 공지사항여섯번째 공지사항여섯번째 공지사항여섯번째 공지사항여섯번째 공지사항여섯번째 공지사항여섯번째 공지사항여섯번째 공지사항여섯번째 공지사항여섯번째 공지사항여섯번째 공지사항여섯번째 공지사항여섯번째 공지사항여섯번째 공지사항여섯번째 공지사항여섯번째 공지사항여섯번째 공지사항여섯번째 공지사항여섯번째 공지사항여섯번째 공지사항여섯번째 공지사항여섯번째 공지사항여섯번째 공지사항여섯번째 공지사항여섯번째 공지사항여섯번째 공지사항여섯번째 공지사항여섯번째 공지사항여섯번째 공지사항여섯번째 공지사항여섯번째 공지사항여섯번째 공지사항여섯번째 공지사항여섯번째 공지사항여섯번째 공지사항여섯번째 공지사항여섯번째 공지사항여섯번째 공지사항여섯번째 공지사항여섯번째 공지사항여섯번째 공지사항여섯번째 공지사항여섯번째 공지사항여섯번째 공지사항여섯번째 공지사항여섯번째 공지사항여섯번째 공지사항여섯번째 공지사항여섯번째 공지사항여섯번째 공지사항여섯번째 공지사항여섯번째 공지사항여섯번째 공지사항여섯번째 공지사항여섯번째 공지사항여섯번째 공지사항여섯번째 공지사항여섯번째 공지사항여섯번째 공지사항여섯번째 공지사항여섯번째 공지사항여섯번째 공지사항여섯번째 공지사항여섯번째 공지사항여섯번째 공지사항여섯번째 공지사항여섯번째 공지사항여섯번째 공지사항여섯번째 공지사항여섯번째 공지사항여섯번째 공지사항여섯번째 공지사항여섯번째 공지사항여섯번째 공지사항여섯번째 공지사항여섯번째 공지사항여섯번째 공지사항여섯번째 공지사항여섯번째 공지사항여섯번째 공지사항여섯번째 공지사항여섯번째 공지사항여섯번째 공지사항여섯번째 공지사항여섯번째 공지사항여섯번째 공지사항여섯번째 공지사항여섯번째 공지사항여섯번째 공지사항여섯번째 공지사항여섯번째 공지사항여섯번째 공지사항여섯번째 공지사항여섯번째 공지사항여섯번째 공지사항여섯번째 공지사항여섯번째 공지사항여섯번째 공지사항여섯번째 공지사항여섯번째 공지사항여섯번째 공지사항여섯번째 공지사항여섯번째 공지사항여섯번째 공지사항여섯번째 공지사항여섯번째 공지사항여섯번째 공지사항여섯번째 공지사항여섯번째 공지사항여섯번째 공지사항여섯번째 공지사항여섯번째 공지사항여섯번째 공지사항여섯번째 공지사항여섯번째 공지사항여섯번째 공지사항여섯번째 공지사항여섯번째 공지사항여섯번째 공지사항여섯번째 공지사항여섯번째 공지사항여섯번째 공지사항여섯번째 공지사항여섯번째 공지사항여섯번째 공지사항여섯번째 공지사항여섯번째 공지사항여섯번째 공지사항여섯번째 공지사항여섯번째 공지사항여섯번째 공지사항여섯번째 공지사항여섯번째 공지사항여섯번째 공지사항여섯번째 공지사항여섯번째 공지사항여섯번째 공지사항여섯번째 공지사항여섯번째 공지사항여섯번째 공지사항여섯번째 공지사항여섯번째 공지사항여섯번째 공지사항여섯번째 공지사항여섯번째 공지사항여섯번째 공지사항여섯번째 공지사항여섯번째 공지사항여섯번째 공지사항여섯번째 공지사항여섯번째 공지사항여섯번째 공지사항여섯번째 공지사항여섯번째 공지사항여섯번째 공지사항여섯번째 공지사항여섯번째 공지사항여섯번째 공지사항여섯번째 공지사항</p>','2023-06-05 15:27:59',NULL,NULL,1),(7,'N','일곱번째 공지사항',_binary '<p><strong>일곱번째 공지사항일곱번째 공지사항</strong>일곱번째 공지사항일곱번째 공지사항일곱번째 공지사항일곱번째 공지사항일곱번째 공지사항일곱번째 공지사항일곱번째 공지사항일곱번째 공지사항일곱번째 공지사항일곱번째 공지사항일곱번째 공지사항일곱번째 공지사항일곱번째 공지사항일곱번째 공지사항일곱번째 공지사항일곱번째 공지사항일곱번째 공지사항일곱번째 공지사항일곱번째 공지사항일곱번째 공지사항일곱번째 공지사항일곱번째 공지사항일곱번째 공지사항일곱번째 공지사항일곱번째 공지사항일곱번째 공지사항일곱번째 공지사항일곱번째 공지사항일곱번째 공지사항일곱번째 공지사항일곱번째 공지사항일곱번째 공지사항일곱번째 공지사항일곱번째 공지사항일곱번째 공지사항일곱번째 공지사항일곱번째 공지사항일곱번째 공지사항일곱번째 공지사항일곱번째 공지사항일곱번째 공지사항일곱번째 공지사항일곱번째 공지사항일곱번째 공지사항일곱번째 공지사항일곱번째 공지사항일곱번째 공지사항일곱번째 공지사항일곱번째 공지사항일곱번째 공지사항일곱번째 공지사항일곱번째 공지사항일곱번째 공지사항일곱번째 공지사항일곱번째 공지사항일곱번째 공지사항일곱번째 공지사항일곱번째 공지사항일곱번째 공지사항일곱번째 공지사항일곱번째 공지사항일곱번째 공지사항<strong>일곱번째 공지사항일곱번째 공지사항</strong>일곱번째 공지사항일곱번째 공지사항일곱번째 공지사항일곱번째 공지사항일곱번째 공지사항일곱번째 공지사항일곱번째 공지사항일곱번째 공지사항일곱번째 공지사항일곱번째 공지사항일곱번째 공지사항일곱번째 공지사항일곱번째 공지사항일곱번째 공지사항일곱번째 공지사항일곱번째 공지사항일곱번째 공지사항일곱번째 공지사항일곱번째 공지사항일곱번째 공지사항일곱번째 공지사항일곱번째 공지사항일곱번째 공지사항일곱번째 공지사항일곱번째 공지사항일곱번째 공지사항일곱번째 공지사항일곱번째 공지사항일곱번째 공지사항일곱번째 공지사항일곱번째 공지사항일곱번째 공지사항일곱번째 공지사항일곱번째 공지사항일곱번째 공지사항일곱번째 공지사항일곱번째 공지사항일곱번째 공지사항일곱번째 공지사항일곱번째 공지사항일곱번째 공지사항일곱번째 공지사항일곱번째 공지사항일곱번째 공지사항일곱번째 공지사항일곱번째 공지사항일곱번째 공지사항일곱번째 공지사항일곱번째 공지사항일곱번째 공지사항일곱번째 공지사항일곱번째 공지사항일곱번째 공지사항일곱번째 공지사항일곱번째 공지사항일곱번째 공지사항일곱번째 공지사항일곱번째 공지사항일곱번째 공지사항일곱번째 공지사항일곱번째 공지사항일곱번째 공지사항<strong>일곱번째 공지사항일곱번째 공지사항</strong>일곱번째 공지사항일곱번째 공지사항일곱번째 공지사항일곱번째 공지사항일곱번째 공지사항일곱번째 공지사항일곱번째 공지사항일곱번째 공지사항일곱번째 공지사항일곱번째 공지사항일곱번째 공지사항일곱번째 공지사항일곱번째 공지사항일곱번째 공지사항일곱번째 공지사항일곱번째 공지사항일곱번째 공지사항일곱번째 공지사항일곱번째 공지사항일곱번째 공지사항일곱번째 공지사항일곱번째 공지사항일곱번째 공지사항일곱번째 공지사항일곱번째 공지사항일곱번째 공지사항일곱번째 공지사항일곱번째 공지사항일곱번째 공지사항일곱번째 공지사항일곱번째 공지사항일곱번째 공지사항일곱번째 공지사항일곱번째 공지사항일곱번째 공지사항일곱번째 공지사항일곱번째 공지사항일곱번째 공지사항일곱번째 공지사항일곱번째 공지사항일곱번째 공지사항일곱번째 공지사항일곱번째 공지사항일곱번째 공지사항일곱번째 공지사항일곱번째 공지사항일곱번째 공지사항일곱번째 공지사항일곱번째 공지사항일곱번째 공지사항일곱번째 공지사항일곱번째 공지사항일곱번째 공지사항일곱번째 공지사항일곱번째 공지사항일곱번째 공지사항일곱번째 공지사항일곱번째 공지사항일곱번째 공지사항일곱번째 공지사항일곱번째 공지사항일곱번째 공지사항<strong>일곱번째 공지사항일곱번째 공지사항</strong>일곱번째 공지사항일곱번째 공지사항일곱번째 공지사항일곱번째 공지사항일곱번째 공지사항일곱번째 공지사항일곱번째 공지사항일곱번째 공지사항일곱번째 공지사항일곱번째 공지사항일곱번째 공지사항일곱번째 공지사항일곱번째 공지사항일곱번째 공지사항일곱번째 공지사항일곱번째 공지사항일곱번째 공지사항일곱번째 공지사항일곱번째 공지사항일곱번째 공지사항일곱번째 공지사항일곱번째 공지사항일곱번째 공지사항일곱번째 공지사항일곱번째 공지사항일곱번째 공지사항일곱번째 공지사항일곱번째 공지사항일곱번째 공지사항일곱번째 공지사항일곱번째 공지사항일곱번째 공지사항일곱번째 공지사항일곱번째 공지사항일곱번째 공지사항일곱번째 공지사항일곱번째 공지사항일곱번째 공지사항일곱번째 공지사항일곱번째 공지사항일곱번째 공지사항일곱번째 공지사항일곱번째 공지사항일곱번째 공지사항일곱번째 공지사항일곱번째 공지사항일곱번째 공지사항일곱번째 공지사항일곱번째 공지사항일곱번째 공지사항일곱번째 공지사항일곱번째 공지사항일곱번째 공지사항일곱번째 공지사항일곱번째 공지사항일곱번째 공지사항일곱번째 공지사항일곱번째 공지사항일곱번째 공지사항일곱번째 공지사항일곱번째 공지사항일곱번째 공지사항<strong>일곱번째 공지사항일곱번째 공지사항</strong>일곱번째 공지사항일곱번째 공지사항일곱번째 공지사항일곱번째 공지사항일곱번째 공지사항일곱번째 공지사항일곱번째 공지사항일곱번째 공지사항일곱번째 공지사항일곱번째 공지사항일곱번째 공지사항일곱번째 공지사항일곱번째 공지사항일곱번째 공지사항일곱번째 공지사항일곱번째 공지사항일곱번째 공지사항일곱번째 공지사항일곱번째 공지사항일곱번째 공지사항일곱번째 공지사항일곱번째 공지사항일곱번째 공지사항일곱번째 공지사항일곱번째 공지사항일곱번째 공지사항일곱번째 공지사항일곱번째 공지사항일곱번째 공지사항일곱번째 공지사항일곱번째 공지사항일곱번째 공지사항일곱번째 공지사항일곱번째 공지사항일곱번째 공지사항일곱번째 공지사항일곱번째 공지사항일곱번째 공지사항일곱번째 공지사항일곱번째 공지사항일곱번째 공지사항일곱번째 공지사항일곱번째 공지사항일곱번째 공지사항일곱번째 공지사항일곱번째 공지사항일곱번째 공지사항일곱번째 공지사항일곱번째 공지사항일곱번째 공지사항일곱번째 공지사항일곱번째 공지사항일곱번째 공지사항일곱번째 공지사항일곱번째 공지사항일곱번째 공지사항일곱번째 공지사항일곱번째 공지사항일곱번째 공지사항일곱번째 공지사항일곱번째 공지사항일곱번째 공지사항<strong>일곱번째 공지사항일곱번째 공지사항</strong>일곱번째 공지사항일곱번째 공지사항일곱번째 공지사항일곱번째 공지사항일곱번째 공지사항일곱번째 공지사항일곱번째 공지사항일곱번째 공지사항일곱번째 공지사항일곱번째 공지사항일곱번째 공지사항일곱번째 공지사항일곱번째 공지사항일곱번째 공지사항일곱번째 공지사항일곱번째 공지사항일곱번째 공지사항일곱번째 공지사항일곱번째 공지사항일곱번째 공지사항일곱번째 공지사항일곱번째 공지사항일곱번째 공지사항일곱번째 공지사항일곱번째 공지사항일곱번째 공지사항일곱번째 공지사항일곱번째 공지사항일곱번째 공지사항일곱번째 공지사항일곱번째 공지사항일곱번째 공지사항일곱번째 공지사항일곱번째 공지사항일곱번째 공지사항일곱번째 공지사항일곱번째 공지사항일곱번째 공지사항일곱번째 공지사항일곱번째 공지사항일곱번째 공지사항일곱번째 공지사항일곱번째 공지사항일곱번째 공지사항일곱번째 공지사항일곱번째 공지사항일곱번째 공지사항일곱번째 공지사항일곱번째 공지사항일곱번째 공지사항일곱번째 공지사항일곱번째 공지사항일곱번째 공지사항일곱번째 공지사항일곱번째 공지사항일곱번째 공지사항일곱번째 공지사항일곱번째 공지사항일곱번째 공지사항일곱번째 공지사항일곱번째 공지사항일곱번째 공지사항<strong>일곱번째 공지사항일곱번째 공지사항</strong>일곱번째 공지사항일곱번째 공지사항일곱번째 공지사항일곱번째 공지사항일곱번째 공지사항일곱번째 공지사항일곱번째 공지사항일곱번째 공지사항일곱번째 공지사항일곱번째 공지사항일곱번째 공지사항일곱번째 공지사항일곱번째 공지사항일곱번째 공지사항일곱번째 공지사항일곱번째 공지사항일곱번째 공지사항일곱번째 공지사항일곱번째 공지사항일곱번째 공지사항일곱번째 공지사항일곱번째 공지사항일곱번째 공지사항일곱번째 공지사항일곱번째 공지사항일곱번째 공지사항일곱번째 공지사항일곱번째 공지사항일곱번째 공지사항일곱번째 공지사항일곱번째 공지사항일곱번째 공지사항일곱번째 공지사항일곱번째 공지사항일곱번째 공지사항일곱번째 공지사항일곱번째 공지사항일곱번째 공지사항일곱번째 공지사항일곱번째 공지사항일곱번째 공지사항일곱번째 공지사항일곱번째 공지사항일곱번째 공지사항일곱번째 공지사항일곱번째 공지사항일곱번째 공지사항일곱번째 공지사항일곱번째 공지사항일곱번째 공지사항일곱번째 공지사항일곱번째 공지사항일곱번째 공지사항일곱번째 공지사항일곱번째 공지사항일곱번째 공지사항일곱번째 공지사항일곱번째 공지사항일곱번째 공지사항일곱번째 공지사항일곱번째 공지사항일곱번째 공지사항<strong>일곱번째 공지사항일곱번째 공지사항</strong>일곱번째 공지사항일곱번째 공지사항일곱번째 공지사항일곱번째 공지사항일곱번째 공지사항일곱번째 공지사항일곱번째 공지사항일곱번째 공지사항일곱번째 공지사항일곱번째 공지사항일곱번째 공지사항일곱번째 공지사항일곱번째 공지사항일곱번째 공지사항일곱번째 공지사항일곱번째 공지사항일곱번째 공지사항일곱번째 공지사항일곱번째 공지사항일곱번째 공지사항일곱번째 공지사항일곱번째 공지사항일곱번째 공지사항일곱번째 공지사항일곱번째 공지사항일곱번째 공지사항일곱번째 공지사항일곱번째 공지사항일곱번째 공지사항일곱번째 공지사항일곱번째 공지사항일곱번째 공지사항일곱번째 공지사항일곱번째 공지사항일곱번째 공지사항일곱번째 공지사항일곱번째 공지사항일곱번째 공지사항일곱번째 공지사항일곱번째 공지사항일곱번째 공지사항일곱번째 공지사항일곱번째 공지사항일곱번째 공지사항일곱번째 공지사항일곱번째 공지사항일곱번째 공지사항일곱번째 공지사항일곱번째 공지사항일곱번째 공지사항일곱번째 공지사항일곱번째 공지사항일곱번째 공지사항일곱번째 공지사항일곱번째 공지사항일곱번째 공지사항일곱번째 공지사항일곱번째 공지사항일곱번째 공지사항일곱번째 공지사항일곱번째 공지사항일곱번째 공지사항<strong>일곱번째 공지사항일곱번째 공지사항</strong>일곱번째 공지사항일곱번째 공지사항일곱번째 공지사항일곱번째 공지사항일곱번째 공지사항일곱번째 공지사항일곱번째 공지사항일곱번째 공지사항일곱번째 공지사항일곱번째 공지사항일곱번째 공지사항일곱번째 공지사항일곱번째 공지사항일곱번째 공지사항일곱번째 공지사항일곱번째 공지사항일곱번째 공지사항일곱번째 공지사항일곱번째 공지사항일곱번째 공지사항일곱번째 공지사항일곱번째 공지사항일곱번째 공지사항일곱번째 공지사항일곱번째 공지사항일곱번째 공지사항일곱번째 공지사항일곱번째 공지사항일곱번째 공지사항일곱번째 공지사항일곱번째 공지사항일곱번째 공지사항일곱번째 공지사항일곱번째 공지사항일곱번째 공지사항일곱번째 공지사항일곱번째 공지사항일곱번째 공지사항일곱번째 공지사항일곱번째 공지사항일곱번째 공지사항일곱번째 공지사항일곱번째 공지사항일곱번째 공지사항일곱번째 공지사항일곱번째 공지사항일곱번째 공지사항일곱번째 공지사항일곱번째 공지사항일곱번째 공지사항일곱번째 공지사항일곱번째 공지사항일곱번째 공지사항일곱번째 공지사항일곱번째 공지사항일곱번째 공지사항일곱번째 공지사항일곱번째 공지사항일곱번째 공지사항일곱번째 공지사항일곱번째 공지사항일곱번째 공지사항<strong>일곱번째 공지사항일곱번째 공지사항</strong>일곱번째 공지사항일곱번째 공지사항일곱번째 공지사항일곱번째 공지사항일곱번째 공지사항일곱번째 공지사항일곱번째 공지사항일곱번째 공지사항일곱번째 공지사항일곱번째 공지사항일곱번째 공지사항일곱번째 공지사항일곱번째 공지사항일곱번째 공지사항일곱번째 공지사항일곱번째 공지사항일곱번째 공지사항일곱번째 공지사항일곱번째 공지사항일곱번째 공지사항일곱번째 공지사항일곱번째 공지사항일곱번째 공지사항일곱번째 공지사항일곱번째 공지사항일곱번째 공지사항일곱번째 공지사항일곱번째 공지사항일곱번째 공지사항일곱번째 공지사항일곱번째 공지사항일곱번째 공지사항일곱번째 공지사항일곱번째 공지사항일곱번째 공지사항일곱번째 공지사항일곱번째 공지사항일곱번째 공지사항일곱번째 공지사항일곱번째 공지사항일곱번째 공지사항일곱번째 공지사항일곱번째 공지사항일곱번째 공지사항일곱번째 공지사항일곱번째 공지사항일곱번째 공지사항일곱번째 공지사항일곱번째 공지사항일곱번째 공지사항일곱번째 공지사항일곱번째 공지사항일곱번째 공지사항일곱번째 공지사항일곱번째 공지사항일곱번째 공지사항일곱번째 공지사항일곱번째 공지사항일곱번째 공지사항일곱번째 공지사항일곱번째 공지사항일곱번째 공지사항<strong>일곱번째 공지사항일곱번째 공지사항</strong>일곱번째 공지사항일곱번째 공지사항일곱번째 공지사항일곱번째 공지사항일곱번째 공지사항일곱번째 공지사항일곱번째 공지사항일곱번째 공지사항일곱번째 공지사항일곱번째 공지사항일곱번째 공지사항일곱번째 공지사항일곱번째 공지사항일곱번째 공지사항일곱번째 공지사항일곱번째 공지사항일곱번째 공지사항일곱번째 공지사항일곱번째 공지사항일곱번째 공지사항일곱번째 공지사항일곱번째 공지사항일곱번째 공지사항일곱번째 공지사항일곱번째 공지사항일곱번째 공지사항일곱번째 공지사항일곱번째 공지사항일곱번째 공지사항일곱번째 공지사항일곱번째 공지사항일곱번째 공지사항일곱번째 공지사항일곱번째 공지사항일곱번째 공지사항일곱번째 공지사항일곱번째 공지사항일곱번째 공지사항일곱번째 공지사항일곱번째 공지사항일곱번째 공지사항일곱번째 공지사항일곱번째 공지사항일곱번째 공지사항일곱번째 공지사항일곱번째 공지사항일곱번째 공지사항일곱번째 공지사항일곱번째 공지사항일곱번째 공지사항일곱번째 공지사항일곱번째 공지사항일곱번째 공지사항일곱번째 공지사항일곱번째 공지사항일곱번째 공지사항일곱번째 공지사항일곱번째 공지사항일곱번째 공지사항일곱번째 공지사항일곱번째 공지사항일곱번째 공지사항<strong>일곱번째 공지사항일곱번째 공지사항</strong>일곱번째 공지사항일곱번째 공지사항일곱번째 공지사항일곱번째 공지사항일곱번째 공지사항일곱번째 공지사항일곱번째 공지사항일곱번째 공지사항일곱번째 공지사항일곱번째 공지사항일곱번째 공지사항일곱번째 공지사항일곱번째 공지사항일곱번째 공지사항일곱번째 공지사항일곱번째 공지사항일곱번째 공지사항일곱번째 공지사항일곱번째 공지사항일곱번째 공지사항일곱번째 공지사항일곱번째 공지사항일곱번째 공지사항일곱번째 공지사항일곱번째 공지사항일곱번째 공지사항일곱번째 공지사항일곱번째 공지사항일곱번째 공지사항일곱번째 공지사항일곱번째 공지사항일곱번째 공지사항일곱번째 공지사항일곱번째 공지사항일곱번째 공지사항일곱번째 공지사항일곱번째 공지사항일곱번째 공지사항일곱번째 공지사항일곱번째 공지사항일곱번째 공지사항일곱번째 공지사항일곱번째 공지사항일곱번째 공지사항일곱번째 공지사항일곱번째 공지사항일곱번째 공지사항일곱번째 공지사항일곱번째 공지사항일곱번째 공지사항일곱번째 공지사항일곱번째 공지사항일곱번째 공지사항일곱번째 공지사항일곱번째 공지사항일곱번째 공지사항일곱번째 공지사항일곱번째 공지사항일곱번째 공지사항일곱번째 공지사항일곱번째 공지사항일곱번째 공지사항<strong>일곱번째 공지사항일곱번째 공지사항</strong>일곱번째 공지사항일곱번째 공지사항일곱번째 공지사항일곱번째 공지사항일곱번째 공지사항일곱번째 공지사항일곱번째 공지사항일곱번째 공지사항일곱번째 공지사항일곱번째 공지사항일곱번째 공지사항일곱번째 공지사항일곱번째 공지사항일곱번째 공지사항일곱번째 공지사항일곱번째 공지사항일곱번째 공지사항일곱번째 공지사항일곱번째 공지사항일곱번째 공지사항일곱번째 공지사항일곱번째 공지사항일곱번째 공지사항일곱번째 공지사항일곱번째 공지사항일곱번째 공지사항일곱번째 공지사항일곱번째 공지사항일곱번째 공지사항일곱번째 공지사항일곱번째 공지사항일곱번째 공지사항일곱번째 공지사항일곱번째 공지사항일곱번째 공지사항일곱번째 공지사항일곱번째 공지사항일곱번째 공지사항일곱번째 공지사항일곱번째 공지사항일곱번째 공지사항일곱번째 공지사항일곱번째 공지사항일곱번째 공지사항일곱번째 공지사항일곱번째 공지사항일곱번째 공지사항일곱번째 공지사항일곱번째 공지사항일곱번째 공지사항일곱번째 공지사항일곱번째 공지사항일곱번째 공지사항일곱번째 공지사항일곱번째 공지사항일곱번째 공지사항일곱번째 공지사항일곱번째 공지사항일곱번째 공지사항일곱번째 공지사항일곱번째 공지사항일곱번째 공지사항<strong>일곱번째 공지사항일곱번째 공지사항</strong>일곱번째 공지사항일곱번째 공지사항일곱번째 공지사항일곱번째 공지사항일곱번째 공지사항일곱번째 공지사항일곱번째 공지사항일곱번째 공지사항일곱번째 공지사항일곱번째 공지사항일곱번째 공지사항일곱번째 공지사항일곱번째 공지사항일곱번째 공지사항일곱번째 공지사항일곱번째 공지사항일곱번째 공지사항일곱번째 공지사항일곱번째 공지사항일곱번째 공지사항일곱번째 공지사항일곱번째 공지사항일곱번째 공지사항일곱번째 공지사항일곱번째 공지사항일곱번째 공지사항일곱번째 공지사항일곱번째 공지사항일곱번째 공지사항일곱번째 공지사항일곱번째 공지사항일곱번째 공지사항일곱번째 공지사항일곱번째 공지사항일곱번째 공지사항일곱번째 공지사항일곱번째 공지사항일곱번째 공지사항일곱번째 공지사항일곱번째 공지사항일곱번째 공지사항일곱번째 공지사항일곱번째 공지사항일곱번째 공지사항일곱번째 공지사항일곱번째 공지사항일곱번째 공지사항일곱번째 공지사항일곱번째 공지사항일곱번째 공지사항일곱번째 공지사항일곱번째 공지사항일곱번째 공지사항일곱번째 공지사항일곱번째 공지사항일곱번째 공지사항일곱번째 공지사항일곱번째 공지사항일곱번째 공지사항일곱번째 공지사항일곱번째 공지사항일곱번째 공지사항<strong>일곱번째 공지사항일곱번째 공지사항</strong>일곱번째 공지사항일곱번째 공지사항일곱번째 공지사항일곱번째 공지사항일곱번째 공지사항일곱번째 공지사항일곱번째 공지사항일곱번째 공지사항일곱번째 공지사항일곱번째 공지사항일곱번째 공지사항일곱번째 공지사항일곱번째 공지사항일곱번째 공지사항일곱번째 공지사항일곱번째 공지사항일곱번째 공지사항일곱번째 공지사항일곱번째 공지사항일곱번째 공지사항일곱번째 공지사항일곱번째 공지사항일곱번째 공지사항일곱번째 공지사항일곱번째 공지사항일곱번째 공지사항일곱번째 공지사항일곱번째 공지사항일곱번째 공지사항일곱번째 공지사항일곱번째 공지사항일곱번째 공지사항일곱번째 공지사항일곱번째 공지사항일곱번째 공지사항일곱번째 공지사항일곱번째 공지사항일곱번째 공지사항일곱번째 공지사항일곱번째 공지사항일곱번째 공지사항일곱번째 공지사항일곱번째 공지사항일곱번째 공지사항일곱번째 공지사항일곱번째 공지사항일곱번째 공지사항일곱번째 공지사항일곱번째 공지사항일곱번째 공지사항일곱번째 공지사항일곱번째 공지사항일곱번째 공지사항일곱번째 공지사항일곱번째 공지사항일곱번째 공지사항일곱번째 공지사항일곱번째 공지사항일곱번째 공지사항일곱번째 공지사항일곱번째 공지사항일곱번째 공지사항</p>','2023-06-05 15:28:13',NULL,NULL,1),(8,'N','여덟번째 공지사항',_binary '<p>여덟번째 공지사항여덟번째 공지사항여덟번째 공지사항여덟번째 공지사항여덟번째 공지사항여덟번째 공지사항여덟번째 공지사항여덟번째 공지사항여덟번째 공지사항여덟번째 공지사항여덟번째 공지사항여덟번째 공지사항여덟번째 공지사항여덟번째 공지사항여덟번째 공지사항여덟번째 공지사항여덟번째 공지사항여덟번째 공지사항여덟번째 공지사항여덟번째 공지사항여덟번째 공지사항여덟번째 공지사항여덟번째 공지사항여덟번째 공지사항여덟번째 공지사항여덟번째 공지사항여덟번째 공지사항여덟번째 공지사항여덟번째 공지사항여덟번째 공지사항여덟번째 공지사항여덟번째 공지사항여덟번째 공지사항여덟번째 공지사항여덟번째 공지사항여덟번째 공지사항여덟번째 공지사항여덟번째 공지사항여덟번째 공지사항여덟번째 공지사항여덟번째 공지사항여덟번째 공지사항여덟번째 공지사항여덟번째 공지사항여덟번째 공지사항여덟번째 공지사항여덟번째 공지사항여덟번째 공지사항여덟번째 공지사항여덟번째 공지사항여덟번째 공지사항여덟번째 공지사항여덟번째 공지사항여덟번째 공지사항여덟번째 공지사항여덟번째 공지사항여덟번째 공지사항여덟번째 공지사항여덟번째 공지사항여덟번째 공지사항여덟번째 공지사항여덟번째 공지사항여덟번째 공지사항여덟번째 공지사항여덟번째 공지사항여덟번째 공지사항여덟번째 공지사항여덟번째 공지사항여덟번째 공지사항여덟번째 공지사항여덟번째 공지사항여덟번째 공지사항여덟번째 공지사항여덟번째 공지사항여덟번째 공지사항여덟번째 공지사항여덟번째 공지사항여덟번째 공지사항여덟번째 공지사항여덟번째 공지사항여덟번째 공지사항여덟번째 공지사항여덟번째 공지사항여덟번째 공지사항여덟번째 공지사항여덟번째 공지사항여덟번째 공지사항여덟번째 공지사항여덟번째 공지사항여덟번째 공지사항여덟번째 공지사항여덟번째 공지사항여덟번째 공지사항여덟번째 공지사항여덟번째 공지사항여덟번째 공지사항여덟번째 공지사항여덟번째 공지사항여덟번째 공지사항여덟번째 공지사항여덟번째 공지사항여덟번째 공지사항여덟번째 공지사항여덟번째 공지사항여덟번째 공지사항여덟번째 공지사항여덟번째 공지사항여덟번째 공지사항여덟번째 공지사항여덟번째 공지사항여덟번째 공지사항여덟번째 공지사항여덟번째 공지사항여덟번째 공지사항여덟번째 공지사항여덟번째 공지사항여덟번째 공지사항여덟번째 공지사항여덟번째 공지사항여덟번째 공지사항여덟번째 공지사항여덟번째 공지사항여덟번째 공지사항여덟번째 공지사항여덟번째 공지사항여덟번째 공지사항여덟번째 공지사항여덟번째 공지사항여덟번째 공지사항여덟번째 공지사항여덟번째 공지사항여덟번째 공지사항여덟번째 공지사항여덟번째 공지사항여덟번째 공지사항여덟번째 공지사항여덟번째 공지사항여덟번째 공지사항여덟번째 공지사항여덟번째 공지사항여덟번째 공지사항여덟번째 공지사항여덟번째 공지사항여덟번째 공지사항여덟번째 공지사항여덟번째 공지사항여덟번째 공지사항여덟번째 공지사항여덟번째 공지사항여덟번째 공지사항여덟번째 공지사항여덟번째 공지사항여덟번째 공지사항여덟번째 공지사항여덟번째 공지사항여덟번째 공지사항여덟번째 공지사항여덟번째 공지사항여덟번째 공지사항여덟번째 공지사항여덟번째 공지사항여덟번째 공지사항여덟번째 공지사항여덟번째 공지사항여덟번째 공지사항여덟번째 공지사항여덟번째 공지사항여덟번째 공지사항여덟번째 공지사항여덟번째 공지사항여덟번째 공지사항여덟번째 공지사항여덟번째 공지사항여덟번째 공지사항여덟번째 공지사항여덟번째 공지사항여덟번째 공지사항여덟번째 공지사항여덟번째 공지사항여덟번째 공지사항여덟번째 공지사항여덟번째 공지사항여덟번째 공지사항여덟번째 공지사항여덟번째 공지사항여덟번째 공지사항여덟번째 공지사항여덟번째 공지사항여덟번째 공지사항여덟번째 공지사항여덟번째 공지사항여덟번째 공지사항여덟번째 공지사항여덟번째 공지사항여덟번째 공지사항여덟번째 공지사항여덟번째 공지사항여덟번째 공지사항여덟번째 공지사항여덟번째 공지사항여덟번째 공지사항여덟번째 공지사항여덟번째 공지사항여덟번째 공지사항여덟번째 공지사항여덟번째 공지사항여덟번째 공지사항여덟번째 공지사항여덟번째 공지사항여덟번째 공지사항여덟번째 공지사항여덟번째 공지사항여덟번째 공지사항여덟번째 공지사항여덟번째 공지사항여덟번째 공지사항여덟번째 공지사항여덟번째 공지사항여덟번째 공지사항여덟번째 공지사항여덟번째 공지사항여덟번째 공지사항여덟번째 공지사항여덟번째 공지사항여덟번째 공지사항여덟번째 공지사항여덟번째 공지사항여덟번째 공지사항여덟번째 공지사항여덟번째 공지사항여덟번째 공지사항여덟번째 공지사항여덟번째 공지사항여덟번째 공지사항여덟번째 공지사항여덟번째 공지사항여덟번째 공지사항여덟번째 공지사항여덟번째 공지사항여덟번째 공지사항여덟번째 공지사항여덟번째 공지사항여덟번째 공지사항여덟번째 공지사항여덟번째 공지사항여덟번째 공지사항여덟번째 공지사항여덟번째 공지사항여덟번째 공지사항여덟번째 공지사항여덟번째 공지사항여덟번째 공지사항여덟번째 공지사항여덟번째 공지사항여덟번째 공지사항여덟번째 공지사항여덟번째 공지사항여덟번째 공지사항여덟번째 공지사항여덟번째 공지사항여덟번째 공지사항여덟번째 공지사항여덟번째 공지사항여덟번째 공지사항여덟번째 공지사항여덟번째 공지사항여덟번째 공지사항여덟번째 공지사항여덟번째 공지사항여덟번째 공지사항여덟번째 공지사항여덟번째 공지사항여덟번째 공지사항여덟번째 공지사항여덟번째 공지사항여덟번째 공지사항여덟번째 공지사항여덟번째 공지사항여덟번째 공지사항여덟번째 공지사항여덟번째 공지사항여덟번째 공지사항여덟번째 공지사항여덟번째 공지사항여덟번째 공지사항여덟번째 공지사항여덟번째 공지사항여덟번째 공지사항여덟번째 공지사항여덟번째 공지사항여덟번째 공지사항여덟번째 공지사항여덟번째 공지사항여덟번째 공지사항여덟번째 공지사항여덟번째 공지사항여덟번째 공지사항여덟번째 공지사항여덟번째 공지사항여덟번째 공지사항여덟번째 공지사항여덟번째 공지사항여덟번째 공지사항여덟번째 공지사항여덟번째 공지사항여덟번째 공지사항여덟번째 공지사항여덟번째 공지사항여덟번째 공지사항여덟번째 공지사항여덟번째 공지사항여덟번째 공지사항여덟번째 공지사항여덟번째 공지사항여덟번째 공지사항여덟번째 공지사항여덟번째 공지사항여덟번째 공지사항여덟번째 공지사항여덟번째 공지사항여덟번째 공지사항여덟번째 공지사항여덟번째 공지사항여덟번째 공지사항여덟번째 공지사항여덟번째 공지사항여덟번째 공지사항여덟번째 공지사항여덟번째 공지사항여덟번째 공지사항여덟번째 공지사항여덟번째 공지사항여덟번째 공지사항여덟번째 공지사항여덟번째 공지사항여덟번째 공지사항여덟번째 공지사항여덟번째 공지사항여덟번째 공지사항여덟번째 공지사항여덟번째 공지사항여덟번째 공지사항여덟번째 공지사항여덟번째 공지사항여덟번째 공지사항여덟번째 공지사항여덟번째 공지사항여덟번째 공지사항여덟번째 공지사항여덟번째 공지사항여덟번째 공지사항여덟번째 공지사항여덟번째 공지사항여덟번째 공지사항여덟번째 공지사항여덟번째 공지사항여덟번째 공지사항여덟번째 공지사항여덟번째 공지사항여덟번째 공지사항여덟번째 공지사항여덟번째 공지사항여덟번째 공지사항여덟번째 공지사항여덟번째 공지사항여덟번째 공지사항여덟번째 공지사항여덟번째 공지사항여덟번째 공지사항여덟번째 공지사항여덟번째 공지사항여덟번째 공지사항여덟번째 공지사항여덟번째 공지사항여덟번째 공지사항여덟번째 공지사항여덟번째 공지사항여덟번째 공지사항여덟번째 공지사항여덟번째 공지사항여덟번째 공지사항여덟번째 공지사항여덟번째 공지사항여덟번째 공지사항여덟번째 공지사항여덟번째 공지사항여덟번째 공지사항여덟번째 공지사항여덟번째 공지사항여덟번째 공지사항여덟번째 공지사항여덟번째 공지사항여덟번째 공지사항여덟번째 공지사항여덟번째 공지사항여덟번째 공지사항여덟번째 공지사항여덟번째 공지사항여덟번째 공지사항여덟번째 공지사항여덟번째 공지사항여덟번째 공지사항여덟번째 공지사항여덟번째 공지사항여덟번째 공지사항여덟번째 공지사항여덟번째 공지사항여덟번째 공지사항여덟번째 공지사항여덟번째 공지사항여덟번째 공지사항여덟번째 공지사항여덟번째 공지사항여덟번째 공지사항여덟번째 공지사항여덟번째 공지사항여덟번째 공지사항여덟번째 공지사항여덟번째 공지사항여덟번째 공지사항여덟번째 공지사항여덟번째 공지사항여덟번째 공지사항여덟번째 공지사항여덟번째 공지사항여덟번째 공지사항여덟번째 공지사항여덟번째 공지사항여덟번째 공지사항여덟번째 공지사항여덟번째 공지사항여덟번째 공지사항여덟번째 공지사항여덟번째 공지사항여덟번째 공지사항여덟번째 공지사항여덟번째 공지사항여덟번째 공지사항여덟번째 공지사항여덟번째 공지사항여덟번째 공지사항여덟번째 공지사항여덟번째 공지사항여덟번째 공지사항여덟번째 공지사항여덟번째 공지사항여덟번째 공지사항여덟번째 공지사항여덟번째 공지사항여덟번째 공지사항여덟번째 공지사항여덟번째 공지사항여덟번째 공지사항여덟번째 공지사항여덟번째 공지사항여덟번째 공지사항여덟번째 공지사항여덟번째 공지사항여덟번째 공지사항여덟번째 공지사항여덟번째 공지사항여덟번째 공지사항여덟번째 공지사항여덟번째 공지사항여덟번째 공지사항여덟번째 공지사항여덟번째 공지사항여덟번째 공지사항여덟번째 공지사항여덟번째 공지사항여덟번째 공지사항여덟번째 공지사항여덟번째 공지사항여덟번째 공지사항여덟번째 공지사항여덟번째 공지사항여덟번째 공지사항여덟번째 공지사항여덟번째 공지사항여덟번째 공지사항여덟번째 공지사항여덟번째 공지사항여덟번째 공지사항</p>','2023-06-05 15:28:25',NULL,NULL,1),(9,'N','아홉번째 공지사항',_binary '<p>아홉번째 공지사항아홉번째 공지사항아홉번째 공지사항아홉번째 공지사항아홉번째 공지사항아홉번째 공지사항아홉번째 공지사항아홉번째 공지사항아홉번째 공지사항아홉번째 공지사항아홉번째 공지사항아홉번째 공지사항아홉번째 공지사항아홉번째 공지사항아홉번째 공지사항아홉번째 공지사항아홉번째 공지사항아홉번째 공지사항아홉번째 공지사항아홉번째 공지사항아홉번째 공지사항아홉번째 공지사항아홉번째 공지사항아홉번째 공지사항아홉번째 공지사항아홉번째 공지사항아홉번째 공지사항아홉번째 공지사항아홉번째 공지사항아홉번째 공지사항아홉번째 공지사항아홉번째 공지사항아홉번째 공지사항아홉번째 공지사항아홉번째 공지사항아홉번째 공지사항아홉번째 공지사항아홉번째 공지사항아홉번째 공지사항아홉번째 공지사항아홉번째 공지사항아홉번째 공지사항아홉번째 공지사항아홉번째 공지사항아홉번째 공지사항아홉번째 공지사항아홉번째 공지사항아홉번째 공지사항아홉번째 공지사항아홉번째 공지사항아홉번째 공지사항아홉번째 공지사항아홉번째 공지사항아홉번째 공지사항아홉번째 공지사항아홉번째 공지사항아홉번째 공지사항아홉번째 공지사항아홉번째 공지사항아홉번째 공지사항아홉번째 공지사항아홉번째 공지사항아홉번째 공지사항아홉번째 공지사항아홉번째 공지사항아홉번째 공지사항아홉번째 공지사항아홉번째 공지사항아홉번째 공지사항아홉번째 공지사항아홉번째 공지사항아홉번째 공지사항아홉번째 공지사항아홉번째 공지사항아홉번째 공지사항아홉번째 공지사항아홉번째 공지사항아홉번째 공지사항아홉번째 공지사항아홉번째 공지사항아홉번째 공지사항아홉번째 공지사항아홉번째 공지사항아홉번째 공지사항아홉번째 공지사항아홉번째 공지사항아홉번째 공지사항아홉번째 공지사항아홉번째 공지사항아홉번째 공지사항아홉번째 공지사항아홉번째 공지사항아홉번째 공지사항아홉번째 공지사항아홉번째 공지사항아홉번째 공지사항아홉번째 공지사항아홉번째 공지사항아홉번째 공지사항아홉번째 공지사항아홉번째 공지사항아홉번째 공지사항아홉번째 공지사항아홉번째 공지사항아홉번째 공지사항아홉번째 공지사항아홉번째 공지사항아홉번째 공지사항아홉번째 공지사항아홉번째 공지사항아홉번째 공지사항아홉번째 공지사항아홉번째 공지사항아홉번째 공지사항아홉번째 공지사항아홉번째 공지사항아홉번째 공지사항아홉번째 공지사항아홉번째 공지사항아홉번째 공지사항아홉번째 공지사항아홉번째 공지사항아홉번째 공지사항아홉번째 공지사항아홉번째 공지사항아홉번째 공지사항아홉번째 공지사항아홉번째 공지사항아홉번째 공지사항아홉번째 공지사항아홉번째 공지사항아홉번째 공지사항아홉번째 공지사항아홉번째 공지사항아홉번째 공지사항아홉번째 공지사항아홉번째 공지사항아홉번째 공지사항아홉번째 공지사항아홉번째 공지사항아홉번째 공지사항아홉번째 공지사항아홉번째 공지사항아홉번째 공지사항아홉번째 공지사항아홉번째 공지사항아홉번째 공지사항아홉번째 공지사항아홉번째 공지사항아홉번째 공지사항아홉번째 공지사항아홉번째 공지사항아홉번째 공지사항아홉번째 공지사항아홉번째 공지사항아홉번째 공지사항아홉번째 공지사항아홉번째 공지사항아홉번째 공지사항아홉번째 공지사항아홉번째 공지사항아홉번째 공지사항아홉번째 공지사항아홉번째 공지사항아홉번째 공지사항아홉번째 공지사항아홉번째 공지사항아홉번째 공지사항아홉번째 공지사항아홉번째 공지사항아홉번째 공지사항아홉번째 공지사항아홉번째 공지사항아홉번째 공지사항아홉번째 공지사항아홉번째 공지사항아홉번째 공지사항아홉번째 공지사항아홉번째 공지사항아홉번째 공지사항아홉번째 공지사항아홉번째 공지사항아홉번째 공지사항아홉번째 공지사항아홉번째 공지사항아홉번째 공지사항아홉번째 공지사항아홉번째 공지사항아홉번째 공지사항아홉번째 공지사항아홉번째 공지사항아홉번째 공지사항아홉번째 공지사항아홉번째 공지사항아홉번째 공지사항아홉번째 공지사항아홉번째 공지사항아홉번째 공지사항아홉번째 공지사항아홉번째 공지사항아홉번째 공지사항아홉번째 공지사항아홉번째 공지사항아홉번째 공지사항아홉번째 공지사항아홉번째 공지사항아홉번째 공지사항아홉번째 공지사항아홉번째 공지사항아홉번째 공지사항아홉번째 공지사항아홉번째 공지사항아홉번째 공지사항아홉번째 공지사항아홉번째 공지사항아홉번째 공지사항아홉번째 공지사항아홉번째 공지사항아홉번째 공지사항아홉번째 공지사항아홉번째 공지사항아홉번째 공지사항아홉번째 공지사항아홉번째 공지사항아홉번째 공지사항아홉번째 공지사항아홉번째 공지사항아홉번째 공지사항아홉번째 공지사항아홉번째 공지사항아홉번째 공지사항아홉번째 공지사항아홉번째 공지사항아홉번째 공지사항아홉번째 공지사항아홉번째 공지사항아홉번째 공지사항아홉번째 공지사항아홉번째 공지사항아홉번째 공지사항아홉번째 공지사항아홉번째 공지사항아홉번째 공지사항아홉번째 공지사항아홉번째 공지사항아홉번째 공지사항아홉번째 공지사항아홉번째 공지사항아홉번째 공지사항아홉번째 공지사항아홉번째 공지사항아홉번째 공지사항아홉번째 공지사항아홉번째 공지사항아홉번째 공지사항아홉번째 공지사항아홉번째 공지사항아홉번째 공지사항아홉번째 공지사항아홉번째 공지사항아홉번째 공지사항아홉번째 공지사항아홉번째 공지사항아홉번째 공지사항아홉번째 공지사항아홉번째 공지사항아홉번째 공지사항아홉번째 공지사항아홉번째 공지사항아홉번째 공지사항아홉번째 공지사항아홉번째 공지사항아홉번째 공지사항아홉번째 공지사항아홉번째 공지사항아홉번째 공지사항아홉번째 공지사항아홉번째 공지사항아홉번째 공지사항아홉번째 공지사항아홉번째 공지사항아홉번째 공지사항아홉번째 공지사항아홉번째 공지사항아홉번째 공지사항아홉번째 공지사항아홉번째 공지사항아홉번째 공지사항아홉번째 공지사항아홉번째 공지사항아홉번째 공지사항아홉번째 공지사항아홉번째 공지사항아홉번째 공지사항아홉번째 공지사항아홉번째 공지사항아홉번째 공지사항아홉번째 공지사항아홉번째 공지사항아홉번째 공지사항아홉번째 공지사항아홉번째 공지사항아홉번째 공지사항아홉번째 공지사항아홉번째 공지사항아홉번째 공지사항아홉번째 공지사항아홉번째 공지사항아홉번째 공지사항아홉번째 공지사항아홉번째 공지사항아홉번째 공지사항아홉번째 공지사항아홉번째 공지사항아홉번째 공지사항아홉번째 공지사항아홉번째 공지사항아홉번째 공지사항아홉번째 공지사항아홉번째 공지사항아홉번째 공지사항아홉번째 공지사항아홉번째 공지사항아홉번째 공지사항아홉번째 공지사항아홉번째 공지사항아홉번째 공지사항아홉번째 공지사항아홉번째 공지사항아홉번째 공지사항아홉번째 공지사항아홉번째 공지사항아홉번째 공지사항아홉번째 공지사항아홉번째 공지사항아홉번째 공지사항아홉번째 공지사항아홉번째 공지사항아홉번째 공지사항아홉번째 공지사항아홉번째 공지사항아홉번째 공지사항아홉번째 공지사항아홉번째 공지사항아홉번째 공지사항아홉번째 공지사항아홉번째 공지사항아홉번째 공지사항아홉번째 공지사항아홉번째 공지사항아홉번째 공지사항아홉번째 공지사항아홉번째 공지사항아홉번째 공지사항아홉번째 공지사항아홉번째 공지사항아홉번째 공지사항아홉번째 공지사항아홉번째 공지사항아홉번째 공지사항아홉번째 공지사항아홉번째 공지사항아홉번째 공지사항아홉번째 공지사항아홉번째 공지사항아홉번째 공지사항아홉번째 공지사항아홉번째 공지사항아홉번째 공지사항아홉번째 공지사항아홉번째 공지사항아홉번째 공지사항아홉번째 공지사항아홉번째 공지사항아홉번째 공지사항아홉번째 공지사항아홉번째 공지사항아홉번째 공지사항아홉번째 공지사항아홉번째 공지사항아홉번째 공지사항아홉번째 공지사항아홉번째 공지사항아홉번째 공지사항아홉번째 공지사항아홉번째 공지사항아홉번째 공지사항아홉번째 공지사항아홉번째 공지사항아홉번째 공지사항아홉번째 공지사항아홉번째 공지사항아홉번째 공지사항아홉번째 공지사항아홉번째 공지사항아홉번째 공지사항아홉번째 공지사항아홉번째 공지사항아홉번째 공지사항아홉번째 공지사항아홉번째 공지사항아홉번째 공지사항아홉번째 공지사항아홉번째 공지사항아홉번째 공지사항아홉번째 공지사항아홉번째 공지사항아홉번째 공지사항아홉번째 공지사항아홉번째 공지사항아홉번째 공지사항아홉번째 공지사항아홉번째 공지사항아홉번째 공지사항아홉번째 공지사항아홉번째 공지사항아홉번째 공지사항아홉번째 공지사항아홉번째 공지사항아홉번째 공지사항</p>','2023-06-05 15:28:38',NULL,NULL,1),(10,'N','열번째 공지사항',_binary '<p>열번째 공지사항열번째 공지사항열번째 공지사항열번째 공지사항열번째 공지사항열번째 공지사항열번째 공지사항열번째 공지사항열번째 공지사항열번째 공지사항열번째 공지사항열번째 공지사항열번째 공지사항열번째 공지사항열번째 공지사항열번째 공지사항열번째 공지사항열번째 공지사항열번째 공지사항열번째 공지사항열번째 공지사항열번째 공지사항열번째 공지사항열번째 공지사항열번째 공지사항열번째 공지사항열번째 공지사항열번째 공지사항열번째 공지사항열번째 공지사항열번째 공지사항열번째 공지사항열번째 공지사항열번째 공지사항열번째 공지사항열번째 공지사항열번째 공지사항열번째 공지사항열번째 공지사항열번째 공지사항열번째 공지사항열번째 공지사항열번째 공지사항열번째 공지사항열번째 공지사항열번째 공지사항열번째 공지사항열번째 공지사항열번째 공지사항열번째 공지사항열번째 공지사항열번째 공지사항열번째 공지사항열번째 공지사항열번째 공지사항열번째 공지사항열번째 공지사항열번째 공지사항열번째 공지사항열번째 공지사항열번째 공지사항열번째 공지사항열번째 공지사항열번째 공지사항열번째 공지사항열번째 공지사항열번째 공지사항열번째 공지사항열번째 공지사항열번째 공지사항열번째 공지사항열번째 공지사항열번째 공지사항열번째 공지사항열번째 공지사항열번째 공지사항열번째 공지사항열번째 공지사항열번째 공지사항열번째 공지사항열번째 공지사항열번째 공지사항열번째 공지사항열번째 공지사항열번째 공지사항열번째 공지사항열번째 공지사항열번째 공지사항열번째 공지사항열번째 공지사항열번째 공지사항열번째 공지사항열번째 공지사항열번째 공지사항열번째 공지사항열번째 공지사항열번째 공지사항열번째 공지사항열번째 공지사항열번째 공지사항열번째 공지사항열번째 공지사항열번째 공지사항열번째 공지사항열번째 공지사항열번째 공지사항열번째 공지사항열번째 공지사항열번째 공지사항열번째 공지사항열번째 공지사항열번째 공지사항열번째 공지사항열번째 공지사항열번째 공지사항열번째 공지사항열번째 공지사항열번째 공지사항열번째 공지사항열번째 공지사항열번째 공지사항열번째 공지사항열번째 공지사항열번째 공지사항열번째 공지사항열번째 공지사항열번째 공지사항열번째 공지사항열번째 공지사항열번째 공지사항열번째 공지사항열번째 공지사항열번째 공지사항열번째 공지사항열번째 공지사항열번째 공지사항열번째 공지사항열번째 공지사항열번째 공지사항열번째 공지사항열번째 공지사항열번째 공지사항열번째 공지사항열번째 공지사항열번째 공지사항열번째 공지사항열번째 공지사항열번째 공지사항열번째 공지사항열번째 공지사항열번째 공지사항열번째 공지사항열번째 공지사항열번째 공지사항열번째 공지사항열번째 공지사항열번째 공지사항열번째 공지사항열번째 공지사항열번째 공지사항열번째 공지사항열번째 공지사항열번째 공지사항열번째 공지사항열번째 공지사항열번째 공지사항열번째 공지사항열번째 공지사항열번째 공지사항열번째 공지사항열번째 공지사항열번째 공지사항열번째 공지사항열번째 공지사항열번째 공지사항열번째 공지사항열번째 공지사항열번째 공지사항열번째 공지사항열번째 공지사항열번째 공지사항열번째 공지사항열번째 공지사항열번째 공지사항열번째 공지사항열번째 공지사항열번째 공지사항열번째 공지사항열번째 공지사항열번째 공지사항열번째 공지사항열번째 공지사항열번째 공지사항열번째 공지사항열번째 공지사항열번째 공지사항열번째 공지사항열번째 공지사항열번째 공지사항열번째 공지사항열번째 공지사항열번째 공지사항열번째 공지사항열번째 공지사항열번째 공지사항열번째 공지사항열번째 공지사항열번째 공지사항열번째 공지사항열번째 공지사항열번째 공지사항열번째 공지사항열번째 공지사항열번째 공지사항열번째 공지사항열번째 공지사항열번째 공지사항열번째 공지사항열번째 공지사항열번째 공지사항열번째 공지사항열번째 공지사항열번째 공지사항열번째 공지사항열번째 공지사항열번째 공지사항열번째 공지사항열번째 공지사항열번째 공지사항열번째 공지사항열번째 공지사항열번째 공지사항열번째 공지사항열번째 공지사항열번째 공지사항열번째 공지사항열번째 공지사항열번째 공지사항열번째 공지사항열번째 공지사항열번째 공지사항열번째 공지사항열번째 공지사항열번째 공지사항열번째 공지사항열번째 공지사항열번째 공지사항열번째 공지사항열번째 공지사항열번째 공지사항열번째 공지사항열번째 공지사항열번째 공지사항열번째 공지사항열번째 공지사항열번째 공지사항열번째 공지사항열번째 공지사항열번째 공지사항열번째 공지사항열번째 공지사항열번째 공지사항열번째 공지사항열번째 공지사항열번째 공지사항열번째 공지사항열번째 공지사항열번째 공지사항열번째 공지사항열번째 공지사항열번째 공지사항열번째 공지사항열번째 공지사항열번째 공지사항열번째 공지사항열번째 공지사항열번째 공지사항열번째 공지사항열번째 공지사항열번째 공지사항열번째 공지사항열번째 공지사항열번째 공지사항열번째 공지사항열번째 공지사항열번째 공지사항열번째 공지사항열번째 공지사항열번째 공지사항열번째 공지사항열번째 공지사항열번째 공지사항열번째 공지사항열번째 공지사항열번째 공지사항열번째 공지사항열번째 공지사항열번째 공지사항열번째 공지사항열번째 공지사항열번째 공지사항열번째 공지사항열번째 공지사항열번째 공지사항열번째 공지사항열번째 공지사항열번째 공지사항열번째 공지사항열번째 공지사항열번째 공지사항열번째 공지사항열번째 공지사항열번째 공지사항열번째 공지사항열번째 공지사항열번째 공지사항열번째 공지사항열번째 공지사항열번째 공지사항열번째 공지사항열번째 공지사항열번째 공지사항열번째 공지사항열번째 공지사항열번째 공지사항열번째 공지사항열번째 공지사항열번째 공지사항열번째 공지사항열번째 공지사항열번째 공지사항열번째 공지사항열번째 공지사항열번째 공지사항열번째 공지사항열번째 공지사항열번째 공지사항열번째 공지사항열번째 공지사항열번째 공지사항열번째 공지사항열번째 공지사항열번째 공지사항열번째 공지사항열번째 공지사항열번째 공지사항열번째 공지사항열번째 공지사항열번째 공지사항열번째 공지사항열번째 공지사항열번째 공지사항열번째 공지사항열번째 공지사항열번째 공지사항열번째 공지사항열번째 공지사항열번째 공지사항열번째 공지사항열번째 공지사항열번째 공지사항열번째 공지사항열번째 공지사항열번째 공지사항열번째 공지사항열번째 공지사항열번째 공지사항열번째 공지사항열번째 공지사항열번째 공지사항열번째 공지사항열번째 공지사항열번째 공지사항열번째 공지사항열번째 공지사항열번째 공지사항열번째 공지사항열번째 공지사항열번째 공지사항열번째 공지사항</p>','2023-06-05 15:29:40',NULL,NULL,1),(11,'N','열한번째 공지사항',_binary '<p>열한번째 공지사항열한번째 공지사항열한번째 공지사항열한번째 공지사항열한번째 공지사항열한번째 공지사항열한번째 공지사항열한번째 공지사항열한번째 공지사항열한번째 공지사항열한번째 공지사항열한번째 공지사항열한번째 공지사항열한번째 공지사항열한번째 공지사항열한번째 공지사항열한번째 공지사항열한번째 공지사항열한번째 공지사항열한번째 공지사항열한번째 공지사항열한번째 공지사항열한번째 공지사항열한번째 공지사항열한번째 공지사항열한번째 공지사항열한번째 공지사항열한번째 공지사항열한번째 공지사항열한번째 공지사항열한번째 공지사항열한번째 공지사항열한번째 공지사항열한번째 공지사항열한번째 공지사항열한번째 공지사항열한번째 공지사항열한번째 공지사항열한번째 공지사항열한번째 공지사항열한번째 공지사항열한번째 공지사항열한번째 공지사항열한번째 공지사항열한번째 공지사항열한번째 공지사항열한번째 공지사항열한번째 공지사항열한번째 공지사항열한번째 공지사항열한번째 공지사항열한번째 공지사항열한번째 공지사항열한번째 공지사항열한번째 공지사항열한번째 공지사항열한번째 공지사항열한번째 공지사항열한번째 공지사항열한번째 공지사항열한번째 공지사항열한번째 공지사항열한번째 공지사항열한번째 공지사항열한번째 공지사항열한번째 공지사항열한번째 공지사항열한번째 공지사항열한번째 공지사항열한번째 공지사항열한번째 공지사항열한번째 공지사항열한번째 공지사항열한번째 공지사항열한번째 공지사항열한번째 공지사항열한번째 공지사항열한번째 공지사항열한번째 공지사항열한번째 공지사항열한번째 공지사항열한번째 공지사항열한번째 공지사항열한번째 공지사항열한번째 공지사항열한번째 공지사항열한번째 공지사항열한번째 공지사항열한번째 공지사항열한번째 공지사항열한번째 공지사항열한번째 공지사항열한번째 공지사항열한번째 공지사항열한번째 공지사항열한번째 공지사항열한번째 공지사항열한번째 공지사항열한번째 공지사항열한번째 공지사항열한번째 공지사항열한번째 공지사항열한번째 공지사항열한번째 공지사항열한번째 공지사항열한번째 공지사항열한번째 공지사항열한번째 공지사항열한번째 공지사항열한번째 공지사항열한번째 공지사항열한번째 공지사항열한번째 공지사항열한번째 공지사항열한번째 공지사항열한번째 공지사항열한번째 공지사항열한번째 공지사항열한번째 공지사항열한번째 공지사항열한번째 공지사항열한번째 공지사항열한번째 공지사항열한번째 공지사항열한번째 공지사항열한번째 공지사항열한번째 공지사항열한번째 공지사항열한번째 공지사항열한번째 공지사항열한번째 공지사항열한번째 공지사항열한번째 공지사항열한번째 공지사항열한번째 공지사항열한번째 공지사항열한번째 공지사항열한번째 공지사항열한번째 공지사항열한번째 공지사항열한번째 공지사항열한번째 공지사항열한번째 공지사항열한번째 공지사항열한번째 공지사항열한번째 공지사항열한번째 공지사항열한번째 공지사항열한번째 공지사항열한번째 공지사항열한번째 공지사항열한번째 공지사항열한번째 공지사항열한번째 공지사항열한번째 공지사항열한번째 공지사항열한번째 공지사항열한번째 공지사항열한번째 공지사항열한번째 공지사항열한번째 공지사항열한번째 공지사항열한번째 공지사항열한번째 공지사항열한번째 공지사항열한번째 공지사항열한번째 공지사항열한번째 공지사항열한번째 공지사항열한번째 공지사항열한번째 공지사항열한번째 공지사항열한번째 공지사항열한번째 공지사항열한번째 공지사항열한번째 공지사항열한번째 공지사항열한번째 공지사항열한번째 공지사항열한번째 공지사항열한번째 공지사항열한번째 공지사항열한번째 공지사항열한번째 공지사항열한번째 공지사항열한번째 공지사항열한번째 공지사항열한번째 공지사항열한번째 공지사항열한번째 공지사항열한번째 공지사항열한번째 공지사항열한번째 공지사항열한번째 공지사항열한번째 공지사항열한번째 공지사항열한번째 공지사항열한번째 공지사항열한번째 공지사항열한번째 공지사항열한번째 공지사항열한번째 공지사항열한번째 공지사항열한번째 공지사항열한번째 공지사항열한번째 공지사항열한번째 공지사항열한번째 공지사항열한번째 공지사항열한번째 공지사항열한번째 공지사항열한번째 공지사항열한번째 공지사항열한번째 공지사항열한번째 공지사항열한번째 공지사항열한번째 공지사항열한번째 공지사항열한번째 공지사항열한번째 공지사항열한번째 공지사항열한번째 공지사항열한번째 공지사항열한번째 공지사항열한번째 공지사항열한번째 공지사항열한번째 공지사항열한번째 공지사항열한번째 공지사항열한번째 공지사항열한번째 공지사항열한번째 공지사항열한번째 공지사항열한번째 공지사항열한번째 공지사항열한번째 공지사항열한번째 공지사항열한번째 공지사항열한번째 공지사항열한번째 공지사항열한번째 공지사항열한번째 공지사항열한번째 공지사항열한번째 공지사항열한번째 공지사항열한번째 공지사항열한번째 공지사항열한번째 공지사항열한번째 공지사항열한번째 공지사항열한번째 공지사항열한번째 공지사항열한번째 공지사항열한번째 공지사항열한번째 공지사항열한번째 공지사항열한번째 공지사항열한번째 공지사항열한번째 공지사항열한번째 공지사항열한번째 공지사항열한번째 공지사항열한번째 공지사항열한번째 공지사항열한번째 공지사항열한번째 공지사항열한번째 공지사항열한번째 공지사항열한번째 공지사항열한번째 공지사항열한번째 공지사항열한번째 공지사항열한번째 공지사항열한번째 공지사항열한번째 공지사항열한번째 공지사항열한번째 공지사항열한번째 공지사항열한번째 공지사항열한번째 공지사항열한번째 공지사항열한번째 공지사항열한번째 공지사항열한번째 공지사항열한번째 공지사항열한번째 공지사항열한번째 공지사항열한번째 공지사항열한번째 공지사항열한번째 공지사항열한번째 공지사항열한번째 공지사항열한번째 공지사항열한번째 공지사항열한번째 공지사항열한번째 공지사항열한번째 공지사항열한번째 공지사항열한번째 공지사항열한번째 공지사항열한번째 공지사항열한번째 공지사항열한번째 공지사항열한번째 공지사항열한번째 공지사항열한번째 공지사항</p>','2023-06-05 15:29:54',NULL,NULL,1),(14,'N','열두번째 공지사항',_binary '<p>열두번째 공지사항</p><p>열두번째 공지사항</p><p>열두번째 공지사항</p><p>열두번째 공지사항</p><p>열두번째 공지사항</p><p>열두번째 공지사항</p><p>열두번째 공지사항</p>','2023-06-08 01:33:24',NULL,NULL,1),(15,'N','열세번째 공지사항',_binary '<p>열세번째 공지사항 열 세 번 째 공지 사항</p><p>열</p><p>세</p><p>번</p><p>째 공지 사항</p>','2023-06-08 01:43:01',NULL,NULL,1),(16,'N','열네번째 공지사항',_binary '<p>열 &nbsp; &nbsp; &nbsp; &nbsp; &nbsp; &nbsp;네 번째 공지 사항</p><p>열네번</p><p>&nbsp;</p><p>&nbsp;</p><p>째 공지사항</p><p>공 &nbsp; &nbsp;지 &nbsp; &nbsp;사 &nbsp; &nbsp;항</p>','2023-06-08 01:44:08',NULL,NULL,1),(17,'N','열다섯번째 공지사항',_binary '<p>열다섯번째 공지사항열다섯번째 공지사항열다섯번째 공지사항열다섯번째 공지사항열다섯번째 공지사항열다섯번째 공지사항열다섯번째 공지사항열다섯번째 공지사항열다섯번째 공지사항열다섯번째 공지사항열다섯번째 공지사항열다섯번째 공지사항열다섯번째 공지사항열다섯번째 공지사항열다섯번째 공지사항열다섯번째 공지사항열다섯번째 공지사항열다섯번째 공지사항열다섯번째 공지사항열다섯번째 공지사항열다섯번째 공지사항열다섯번째 공지사항열다섯번째 공지사항열다섯번째 공지사항열다섯번째 공지사항열다섯번째 공지사항열다섯번째 공지사항열다섯번째 공지사항열다섯번째 공지사항열다섯번째 공지사항열다섯번째 공지사항열다섯번째 공지사항열다섯번째 공지사항열다섯번째 공지사항열다섯번째 공지사항열다섯번째 공지사항열다섯번째 공지사항열다섯번째 공지사항열다섯번째 공지사항열다섯번째 공지사항열다섯번째 공지사항열다섯번째 공지사항열다섯번째 공지사항열다섯번째 공지사항열다섯번째 공지사항열다섯번째 공지사항열다섯번째 공지사항열다섯번째 공지사항열다섯번째 공지사항열다섯번째 공지사항열다섯번째 공지사항열다섯번째 공지사항열다섯번째 공지사항열다섯번째 공지사항열다섯번째 공지사항열다섯번째 공지사항열다섯번째 공지사항열다섯번째 공지사항열다섯번째 공지사항열다섯번째 공지사항열다섯번째 공지사항열다섯번째 공지사항열다섯번째 공지사항열다섯번째 공지사항열다섯번째 공지사항열다섯번째 공지사항열다섯번째 공지사항열다섯번째 공지사항열다섯번째 공지사항열다섯번째 공지사항열다섯번째 공지사항열다섯번째 공지사항열다섯번째 공지사항열다섯번째 공지사항열다섯번째 공지사항열다섯번째 공지사항열다섯번째 공지사항열다섯번째 공지사항열다섯번째 공지사항열다섯번째 공지사항열다섯번째 공지사항열다섯번째 공지사항열다섯번째 공지사항열다섯번째 공지사항열다섯번째 공지사항열다섯번째 공지사항열다섯번째 공지사항열다섯번째 공지사항열다섯번째 공지사항열다섯번째 공지사항열다섯번째 공지사항열다섯번째 공지사항열다섯번째 공지사항열다섯번째 공지사항열다섯번째 공지사항열다섯번째 공지사항열다섯번째 공지사항열다섯번째 공지사항열다섯번째 공지사항열다섯번째 공지사항열다섯번째 공지사항열다섯번째 공지사항열다섯번째 공지사항열다섯번째 공지사항열다섯번째 공지사항열다섯번째 공지사항열다섯번째 공지사항열다섯번째 공지사항열다섯번째 공지사항열다섯번째 공지사항열다섯번째 공지사항열다섯번째 공지사항열다섯번째 공지사항열다섯번째 공지사항열다섯번째 공지사항열다섯번째 공지사항열다섯번째 공지사항열다섯번째 공지사항열다섯번째 공지사항열다섯번째 공지사항열다섯번째 공지사항</p>','2023-06-08 12:36:42','2023-06-08 13:05:33',NULL,1),(18,'N','열여섯번째 공지사항',_binary '<p>열여섯번째 공지사항</p><p>열여섯번째 공지사항</p><p>열여섯번째 공지사항열여섯번째 공지사항열여섯번째 공지사항열여섯번째 공지사항</p><p>열여섯번째 공지사항열여섯번째 공지사항열여섯번째 공지사항열여섯번째 공지사항열여섯번째 공지사항열여섯번째 공지사항</p><p>열여섯번째 공지사항열여섯번째 공지사항</p><p>열여섯번째 공지사항열여섯번째 공지사항</p><p>열여섯번째 공지사항</p><p>열여섯번째 공지사항</p>','2023-06-08 12:50:59','2023-06-08 13:06:13',NULL,1),(19,'N','열일곱번째 공지사항',_binary '<p>열일 &nbsp; &nbsp; &nbsp; &nbsp; &nbsp; &nbsp; &nbsp; &nbsp; &nbsp; &nbsp; &nbsp; &nbsp;곱번째 공지 &nbsp; &nbsp; &nbsp; &nbsp; &nbsp; &nbsp; &nbsp; &nbsp; &nbsp; &nbsp; &nbsp; &nbsp; &nbsp; &nbsp; &nbsp; 사항</p><p>&nbsp;</p><p>열일 &nbsp; &nbsp; 곱 &nbsp;째 공 &nbsp;지 &nbsp; &nbsp; 항 &nbsp; &nbsp; &nbsp;일곱 &nbsp;번째 &nbsp;공지사 &nbsp; 항</p>','2023-06-08 12:51:23','2023-06-08 12:57:30',NULL,1),(20,'N','열여덟번째 공지사항',_binary '<p>열여덟번째 공지사항 열여덟번째 공지사항열여덟번째 공지사항열여덟번째 공지사항열여덟번째 공지사항열여덟번째 공지사항열여덟번째 공지사항열여덟번째 공지사항 열여덟번째 공지사항열여덟번째 공지사항열여덟번째 공지사항열여덟번째 공지사항열여덟번째 공지사항열여덟번째 공지사항열여덟번째 공지사항열여덟번째 공지사항열여덟번째 공지사항<strong> </strong>열여덟번째 공지사항열여덟번째 공지사항열여덟번째 공지사항열여덟번째 공지사항열여덟번째 공지사항열여덟번째 공지사항열여덟번째 공지사항열여덟번째 공지사항열여덟번째 공지사항열여덟번째 공지사항열여덟번째 공지사항열여덟번째 공지사항열여덟번째 공지사항</p>','2023-06-08 12:52:37','2023-06-08 13:05:41',NULL,1),(21,'N','열아홉번째 공지사항',_binary '<p>열아홉번째 공지사항 &nbsp; 열아홉번째 공지사항 &nbsp; 열아홉번째 공지사항열아홉번째 공지사항 &nbsp; &nbsp; 열아홉번째 공지사항열아홉번째 공지사항 &nbsp; &nbsp; &nbsp; &nbsp; &nbsp;열아홉번째 공지사항</p><p>열아홉번째 공지사항</p><p>열아홉번째 공지사항</p><p>열아홉번째 공지사항 열아홉번째 공지사항</p><p>&nbsp;</p>','2023-06-08 13:07:01','2023-06-08 13:07:19',NULL,1),(22,'N','스무번째 공지사항',_binary '<p>스무번째 공지사항스무번째 공지사항</p><p>&nbsp;</p><p>&nbsp;</p><p>&nbsp;</p><p>&nbsp;</p>','2023-06-08 13:18:47','2023-06-08 13:52:19',NULL,1),(23,'Q','오일만 가져가서 교환 가능 할까요?',_binary '<p>갖고 있는 엔진오일 가져가면 공임비만 결제하고 교환이 가능 할까요?</p>','2023-06-08 14:23:15',NULL,'E',3),(27,'Q','X월 XX 일 예약 가능 한가요?',_binary '<p>X월 XX 일 예약 가능 한가요?</p>','2023-06-08 15:51:49',NULL,'R',2),(28,'Q','두번째 질문',_binary '<p>두번째 질문</p>','2023-06-08 20:20:39',NULL,'P',2),(29,'Q','세번째 질문',_binary '<p>세번째 질문</p>','2023-06-08 20:20:49',NULL,'R',2),(30,'Q','네번째 질문',_binary '<p>네번째 질문</p>','2023-06-08 20:21:03',NULL,'P',2),(31,'Q','다섯번째 질문',_binary '<p>다섯번째 질문</p>','2023-06-08 20:21:24','2023-06-08 20:21:37','R',2),(32,'Q','여섯번째 질문',_binary '<p>여섯번째 질문</p>','2023-06-08 20:22:09',NULL,'P',2),(33,'Q','일곱번째 질문',_binary '<p>일곱번째 질문</p>','2023-06-08 20:22:27',NULL,'P',2),(34,'Q','여덟번째 질문',_binary '<p>여덟번째 질문</p>','2023-06-08 20:22:44',NULL,'E',2),(35,'Q','아홉번째 질문',_binary '<p>아홉번째 질문</p>','2023-06-08 20:22:56',NULL,'R',2),(36,'Q','열번째 질문',_binary '<p>열번째 질문</p>','2023-06-08 20:23:04',NULL,'P',2),(37,'Q','열한번째 질문',_binary '<p>열한번째 질문</p>','2023-06-08 20:23:19',NULL,'P',2),(38,'N','스물한번째 공지사항',_binary '<p>항 사 지 공 째 번 한 물 스</p>','2023-06-08 22:35:15',NULL,NULL,1);
/*!40000 ALTER TABLE `bbs_document` ENABLE KEYS */;
UNLOCK TABLES;

--
-- Table structure for table `bbs_file`
--

DROP TABLE IF EXISTS `bbs_file`;
/*!40101 SET @saved_cs_client     = @@character_set_client */;
/*!50503 SET character_set_client = utf8mb4 */;
CREATE TABLE `bbs_file` (
  `id` int NOT NULL AUTO_INCREMENT COMMENT '첨부파일 등록번호',
  `origin_name` varchar(45) CHARACTER SET utf8 COLLATE utf8_general_ci NOT NULL COMMENT '첨부파일의 원래 이름',
  `file_dir` varchar(45) CHARACTER SET utf8 COLLATE utf8_general_ci NOT NULL COMMENT '첨부파일 업로드 경로',
  `file_name` varchar(45) CHARACTER SET utf8 COLLATE utf8_general_ci NOT NULL COMMENT '첨부자가 바꾼 첨부파일의 이름',
  `file_size` varchar(45) CHARACTER SET utf8 COLLATE utf8_general_ci NOT NULL COMMENT '첨부파일의 크기',
  `reg_date` varchar(45) CHARACTER SET utf8 COLLATE utf8_general_ci NOT NULL COMMENT '첨부파일 등록 일시',
  `content_type` varchar(45) CHARACTER SET utf8 COLLATE utf8_general_ci NOT NULL COMMENT '파일 형식',
  `bbs_document_id` int NOT NULL,
  PRIMARY KEY (`id`),
  KEY `fk_bbs_file_bbs_document1_idx` (`bbs_document_id`),
  CONSTRAINT `fk_bbs_file_bbs_document1` FOREIGN KEY (`bbs_document_id`) REFERENCES `bbs_document` (`id`)
) ENGINE=InnoDB DEFAULT CHARSET=utf8 COLLATE=utf8_bin;
/*!40101 SET character_set_client = @saved_cs_client */;

--
-- Dumping data for table `bbs_file`
--

LOCK TABLES `bbs_file` WRITE;
/*!40000 ALTER TABLE `bbs_file` DISABLE KEYS */;
/*!40000 ALTER TABLE `bbs_file` ENABLE KEYS */;
UNLOCK TABLES;

--
-- Table structure for table `booking`
--

DROP TABLE IF EXISTS `booking`;
/*!40101 SET @saved_cs_client     = @@character_set_client */;
/*!50503 SET character_set_client = utf8mb4 */;
CREATE TABLE `booking` (
  `id` int NOT NULL AUTO_INCREMENT COMMENT '예약 등록 번호',
  `booking_date` date NOT NULL COMMENT '예약 날짜',
  `booking_time` time NOT NULL COMMENT '예약 시간',
  `problem` varchar(255) CHARACTER SET utf8 COLLATE utf8_general_ci NOT NULL COMMENT '간단한 예약 사유',
  `subject` varchar(45) CHARACTER SET utf8 COLLATE utf8_bin DEFAULT NULL,
  `content` blob COMMENT '정비 내용',
  `writer_name` varchar(45) CHARACTER SET utf8 COLLATE utf8_general_ci DEFAULT NULL COMMENT '정비이력 작성자',
  `reg_date` datetime DEFAULT NULL COMMENT '정비이력 작성 날짜',
  `edit_date` date DEFAULT NULL COMMENT '정비이력 수정 일자',
  `is_done` enum('Y','N') CHARACTER SET utf8 COLLATE utf8_general_ci NOT NULL COMMENT '예약 작업이 완료 되었는지',
  `customer_id` int NOT NULL COMMENT '예약을 한 고객의 일련번호',
  `tech_id` int DEFAULT NULL COMMENT '예약을 배정 받은 정비사 일련번호',
  PRIMARY KEY (`id`),
  KEY `fk_booking_members1_idx` (`customer_id`),
  KEY `fk_booking_members2_idx` (`tech_id`),
  CONSTRAINT `fk_booking_members1` FOREIGN KEY (`customer_id`) REFERENCES `members` (`id`),
  CONSTRAINT `fk_booking_members2` FOREIGN KEY (`tech_id`) REFERENCES `members` (`id`)
) ENGINE=InnoDB AUTO_INCREMENT=82 DEFAULT CHARSET=utf8 COLLATE=utf8_bin;
/*!40101 SET character_set_client = @saved_cs_client */;

--
-- Dumping data for table `booking`
--

LOCK TABLES `booking` WRITE;
/*!40000 ALTER TABLE `booking` DISABLE KEYS */;
INSERT INTO `booking` VALUES (7,'2023-06-01','09:00:00','오일 교환','메인터넌스',_binary '<p>엔진오일, 교환</p><p>엔진오일 필터 교환</p><p>에어크리너 교환</p><p>에어컨 필터 교환</p><p>워셔액, 냉각수 공기압 점검/보충</p>','최정비사','2023-06-07 15:02:57',NULL,'Y',2,15),(8,'2023-06-01','09:30:00','엔진경고등','터보 교환',_binary '<p>출력 저하 및 엔진 경고등으로 입고</p><p>점검시 P01101-12 터보차져 압력 불충분 메세지 확인.</p><p>탈거 후 확인시 터보 차져 내부 임펠라 손상으로 제기능 못함 확인.</p><p>터보 차져 교환 실시.</p><p>교환 후 정상 확인.</p>','강정비사','2023-06-07 15:08:48',NULL,'Y',3,17),(9,'2023-06-02','09:00:00','주행시 차에서 찌그덕 소리가 남','프론트 우측 로우암 볼조인트 소음건',_binary '<p>요철 주행시 하부에서 소음으로 인해 입고</p><p>점검시 프론트 우측 로우암 볼조인트 부싱 경화로 인한 크랙 발견</p><p>크랙으로 인한 내부 구리스 누출 확인.</p><p>볼조인트 부싱 교환&nbsp;</p><p>교환 후 시운전시 특이사항 없음</p>','박정비사','2023-06-07 15:47:43',NULL,'Y',2,13),(10,'2023-06-02','09:30:00','',NULL,NULL,NULL,NULL,NULL,'N',2,18),(11,'2023-06-02','10:00:00','',NULL,NULL,NULL,NULL,NULL,'N',2,12),(12,'2023-06-02','11:00:00','',NULL,NULL,NULL,NULL,NULL,'N',2,12),(13,'2023-06-05','09:00:00','',NULL,NULL,NULL,NULL,NULL,'N',2,12),(14,'2023-06-05','09:30:00','',NULL,NULL,NULL,NULL,NULL,'N',3,12),(15,'2023-06-05','10:00:00','',NULL,NULL,NULL,NULL,NULL,'N',4,NULL),(16,'2023-06-06','09:00:00','',NULL,NULL,NULL,NULL,NULL,'N',2,NULL),(17,'2023-06-08','09:00:00','오일 교환',NULL,NULL,NULL,NULL,NULL,'N',2,15),(18,'2023-06-30','09:00:00','오일 교환',NULL,NULL,NULL,NULL,NULL,'N',2,NULL),(19,'2023-06-30','09:30:00','오일 교환',NULL,NULL,NULL,NULL,NULL,'N',3,NULL),(20,'2023-06-30','10:00:00','오일 교환',NULL,NULL,NULL,NULL,NULL,'N',4,NULL),(21,'2023-06-30','10:30:00','오일 교환',NULL,NULL,NULL,NULL,NULL,'N',5,NULL),(22,'2023-06-30','11:00:00','오일 교환',NULL,NULL,NULL,NULL,NULL,'N',6,NULL),(23,'2023-06-30','11:30:00','오일 교환',NULL,NULL,NULL,NULL,NULL,'N',7,NULL),(24,'2023-06-30','13:00:00','오일 교환',NULL,NULL,NULL,NULL,NULL,'N',7,NULL),(25,'2023-06-30','13:30:00','오일 교환',NULL,NULL,NULL,NULL,NULL,'N',8,NULL),(26,'2023-06-30','14:00:00','오일 교환',NULL,NULL,NULL,NULL,NULL,'N',9,NULL),(27,'2023-06-30','14:30:00','오일 교환',NULL,NULL,NULL,NULL,NULL,'N',10,NULL),(28,'2023-06-30','15:00:00','오일 교환',NULL,NULL,NULL,NULL,NULL,'N',11,NULL),(29,'2023-06-30','15:30:00','오일 교환',NULL,NULL,NULL,NULL,NULL,'N',20,NULL),(30,'2023-06-30','16:00:00','오일 교환',NULL,NULL,NULL,NULL,NULL,'N',21,NULL),(31,'2023-06-30','16:30:00','오일 교환',NULL,NULL,NULL,NULL,NULL,'N',22,NULL),(32,'2023-06-30','17:00:00','오일 교환',NULL,NULL,NULL,NULL,NULL,'N',23,NULL),(33,'2023-06-30','17:30:00','오일 교환',NULL,NULL,NULL,NULL,NULL,'N',24,NULL),(50,'2023-06-29','09:00:00','오일 교환',NULL,NULL,NULL,NULL,NULL,'N',2,NULL),(51,'2023-06-29','09:30:00','오일 교환',NULL,NULL,NULL,NULL,NULL,'N',2,NULL),(52,'2023-06-29','10:00:00','오일 교환',NULL,NULL,NULL,NULL,NULL,'N',2,NULL),(53,'2023-06-29','10:30:00','오일 교환',NULL,NULL,NULL,NULL,NULL,'N',2,NULL),(54,'2023-06-29','11:00:00','오일 교환',NULL,NULL,NULL,NULL,NULL,'N',2,NULL),(55,'2023-06-29','11:30:00','오일 교환',NULL,NULL,NULL,NULL,NULL,'N',2,NULL),(56,'2023-06-29','13:00:00','오일 교환',NULL,NULL,NULL,NULL,NULL,'N',2,NULL),(57,'2023-06-29','13:30:00','오일 교환',NULL,NULL,NULL,NULL,NULL,'N',2,NULL),(58,'2023-06-29','14:00:00','오일 교환',NULL,NULL,NULL,NULL,NULL,'N',2,NULL),(59,'2023-06-29','14:30:00','오일 교환',NULL,NULL,NULL,NULL,NULL,'N',2,NULL),(60,'2023-06-29','15:00:00','오일 교환',NULL,NULL,NULL,NULL,NULL,'N',2,NULL),(61,'2023-06-29','15:30:00','오일 교환',NULL,NULL,NULL,NULL,NULL,'N',2,NULL),(62,'2023-06-29','16:00:00','오일 교환',NULL,NULL,NULL,NULL,NULL,'N',2,NULL),(63,'2023-06-29','16:30:00','오일 교환',NULL,NULL,NULL,NULL,NULL,'N',2,NULL),(64,'2023-06-29','17:00:00','오일 교환',NULL,NULL,NULL,NULL,NULL,'N',2,NULL),(65,'2023-06-29','17:30:00','오일 교환',NULL,NULL,NULL,NULL,NULL,'N',2,NULL),(66,'2023-06-21','09:00:00','오일 교환',NULL,NULL,NULL,NULL,NULL,'N',2,NULL),(67,'2023-06-21','09:30:00','오일 교환',NULL,NULL,NULL,NULL,NULL,'N',2,NULL),(68,'2023-06-21','10:00:00','오일 교환',NULL,NULL,NULL,NULL,NULL,'N',2,NULL),(69,'2023-06-21','10:30:00','오일 교환',NULL,NULL,NULL,NULL,NULL,'N',2,NULL),(70,'2023-06-21','11:00:00','오일 교환',NULL,NULL,NULL,NULL,NULL,'N',2,NULL),(71,'2023-06-21','11:30:00','오일 교환',NULL,NULL,NULL,NULL,NULL,'N',2,NULL),(72,'2023-06-21','13:00:00','오일 교환',NULL,NULL,NULL,NULL,NULL,'N',2,NULL),(73,'2023-06-21','13:30:00','오일 교환',NULL,NULL,NULL,NULL,NULL,'N',2,NULL),(74,'2023-06-21','14:00:00','오일 교환',NULL,NULL,NULL,NULL,NULL,'N',2,NULL),(75,'2023-06-21','14:30:00','오일 교환',NULL,NULL,NULL,NULL,NULL,'N',2,NULL),(76,'2023-06-21','15:00:00','오일 교환',NULL,NULL,NULL,NULL,NULL,'N',2,NULL),(77,'2023-06-21','15:30:00','오일 교환',NULL,NULL,NULL,NULL,NULL,'N',2,NULL),(78,'2023-06-21','16:00:00','오일 교환',NULL,NULL,NULL,NULL,NULL,'N',2,NULL),(79,'2023-06-21','16:30:00','오일 교환',NULL,NULL,NULL,NULL,NULL,'N',2,NULL),(80,'2023-06-21','17:00:00','오일 교환',NULL,NULL,NULL,NULL,NULL,'N',2,NULL),(81,'2023-06-21','17:30:00','오일 교환',NULL,NULL,NULL,NULL,NULL,'N',2,NULL);
/*!40000 ALTER TABLE `booking` ENABLE KEYS */;
UNLOCK TABLES;

--
-- Table structure for table `members`
--

DROP TABLE IF EXISTS `members`;
/*!40101 SET @saved_cs_client     = @@character_set_client */;
/*!50503 SET character_set_client = utf8mb4 */;
CREATE TABLE `members` (
  `id` int NOT NULL AUTO_INCREMENT,
  `mem_type` enum('A','C','T') CHARACTER SET utf8 COLLATE utf8_general_ci NOT NULL COMMENT '멤버 유형 A-관리자,  C-고객, T-정비사',
  `mem_id` varchar(100) CHARACTER SET utf8 COLLATE utf8_general_ci NOT NULL COMMENT '멤버 아이디',
  `mem_pw` varchar(180) CHARACTER SET utf8 COLLATE utf8_general_ci NOT NULL COMMENT '멤버 비밀번호',
  `name` varchar(45) CHARACTER SET utf8 COLLATE utf8_general_ci NOT NULL COMMENT '이름',
  `tel` varchar(45) CHARACTER SET utf8 COLLATE utf8_general_ci NOT NULL COMMENT '연락처',
  `email` varchar(180) CHARACTER SET utf8 COLLATE utf8_general_ci NOT NULL COMMENT '이메일',
  `birthdate` varchar(45) CHARACTER SET utf8 COLLATE utf8_general_ci NOT NULL COMMENT '생년월일',
  `carno` varchar(45) CHARACTER SET utf8 COLLATE utf8_general_ci DEFAULT NULL COMMENT '차번호',
  `carmo` varchar(45) CHARACTER SET utf8 COLLATE utf8_general_ci DEFAULT NULL COMMENT '차종',
  `postcode` varchar(10) CHARACTER SET utf8 COLLATE utf8_bin NOT NULL COMMENT '우편번호',
  `addr1` varchar(255) CHARACTER SET utf8 COLLATE utf8_general_ci NOT NULL COMMENT '기본주소',
  `addr2` varchar(255) CHARACTER SET utf8 COLLATE utf8_general_ci NOT NULL COMMENT '상세주소',
  `level` varchar(45) CHARACTER SET utf8 COLLATE utf8_general_ci DEFAULT NULL COMMENT '멤버유형 중 정비사의 등급',
  `reg_date` datetime NOT NULL COMMENT '맴버등록일시',
  `edit_date` datetime DEFAULT NULL COMMENT '멤버정보수정일시',
  `is_out` enum('Y','N') CHARACTER SET utf8 COLLATE utf8_general_ci NOT NULL COMMENT '탈퇴여부',
  PRIMARY KEY (`id`)
) ENGINE=InnoDB AUTO_INCREMENT=25 DEFAULT CHARSET=utf8 COLLATE=utf8_bin;
/*!40101 SET character_set_client = @saved_cs_client */;

--
-- Dumping data for table `members`
--

LOCK TABLES `members` WRITE;
/*!40000 ALTER TABLE `members` DISABLE KEYS */;
INSERT INTO `members` VALUES (1,'A','admin','admin','관리자','010-4680-5567','oct.23rd.c@gmail.com','1990-10-23',NULL,NULL,'07278','서울특별시 영등포구 선유서로 67 (신동아하이팰리스)','101동 705호',NULL,'2023-05-30 01:48:32',NULL,'N'),(2,'C','qweqwe','123123','김고객','010-1111-1111','good@good.com','2023-05-02','11가1111','OK자동차','11111','서울시 서울구 서울동','서울',NULL,'2023-05-30 00:00:00','2023-06-07 23:35:50','N'),(3,'C','asdasd','123123','이고객','010-2222-2222','nice@nice.com','2023-05-24','22나2222','good자동차','03054','서울 종로구 청와대로 73 (팔판동)','청와대',NULL,'2023-05-30 00:00:00',NULL,'N'),(4,'C','zxczxc','1234512345','박고객','010-3333-3333','ok@ok.com','2023-05-31','33다3333','nice자동차','07345','서울 영등포구 63로 50 (여의도동)','63빌딩',NULL,'2023-05-30 00:00:00',NULL,'N'),(5,'C','werwer','1234512345','최고객','010-4444-4444','goodgood@good.com','2023-05-30','44라4444','good자동차','03789','서울 서대문구 신촌로 83 (창천동)','현대백화점',NULL,'2023-05-30 00:00:00',NULL,'N'),(6,'C','sdfsdf','1234512345','정고객','010-5555-5555','nicenice@nice.com','2023-05-30','55마5555','nice자동차','05551','서울 송파구 올림픽로 300 (신천동)','롯데타워',NULL,'2023-05-30 00:00:00',NULL,'N'),(7,'C','xcvxcv','1234512345','강고객','010-6666-6666','okok@ok.com','2023-05-16','66바6666','OK자동차','03666','서울 서대문구 증가로8길 42-2 (남가좌동)','광화문',NULL,'2023-05-30 00:00:00',NULL,'N'),(8,'C','ertert','1234512345','조고객','010-7777-7777','goodgoodgood@good.com','2023-05-16','77사7777','good자동차','03154','서울 종로구 종로 1 (종로1가)','교보문고',NULL,'2023-05-30 00:00:00',NULL,'N'),(9,'C','dfgdfg','1234512345','윤고객','010-8888-8888','nicenicenice@nice.com','2023-05-18','88아8888','nice자동차','03045','서울 종로구 사직로 161 (세종로)','경복궁',NULL,'2023-05-30 00:00:00','2023-06-05 15:52:54','N'),(10,'C','cvbcvb','1234512345','장고객','010-9999-9999','okokok@ok.com','2023-05-11','99자9999','OK자동차','03072','서울 종로구 창경궁로 185 (와룡동)','창경궁',NULL,'2023-05-30 00:00:00',NULL,'N'),(11,'C','rtyrty','1234512345','임고객','010-1010-1010','good4@good.com','2023-05-19','111가1111','good자동차','04519','서울 중구 세종대로 99 (정동)','덕수궁',NULL,'2023-05-30 00:00:00',NULL,'N'),(12,'T','tech1','123123','김정비사','010-1212-1212','tech1@tech.com','1990-01-01',NULL,NULL,'22222','서울 정비구 정비로 1','정비사의집1','4','2023-05-30 00:00:00','2023-06-08 00:03:27','N'),(13,'T','tech2','123123','이정비사','010-1313-1313','tech2@tech.com','1991-02-02',NULL,NULL,'33333','서울 정비구 정비로 2','정비사의집2','3','2023-05-30 00:00:00',NULL,'N'),(14,'T','tech3','123123','박정비사','010-1414-1414','tech3@tech.com','1992-03-03',NULL,NULL,'44444','서울 정비구 정비로 3','정비사의집3','2','2023-05-30 00:00:00',NULL,'N'),(15,'T','tech4','123123','최정비사','010-1515-1515','tech4@tech.com','1993-04-04',NULL,NULL,'55555','서울 정비구 정비로 4','정비사의집4','1','2023-05-30 00:00:00',NULL,'N'),(16,'T','tech5','123123','정정비사','010-1616-1616','tech5@tech.com','1994-05-05',NULL,NULL,'66666','서울 정비구 정비로 5','정비사의집5','4','2023-05-30 00:00:00',NULL,'N'),(17,'T','tech6','123123','강정비사','010-1717-1717','tech6@tech.com','1995-06-06',NULL,NULL,'77777','서울 정비구 정비로 6','정비사의집6','3','2023-05-30 00:00:00',NULL,'N'),(18,'T','tech7','123123','조정비사','010-1818-1818','tech7@tech.com','1995-07-07',NULL,NULL,'88888','서울 정비구 정비로 7','정비사의집7','2','2023-05-30 00:00:00',NULL,'N'),(19,'T','tech8','123123','윤정비사','010-1919-1919','tech8@tech.com','1996-08-08',NULL,NULL,'99999','서울 정비구 정비로 8','정비사의집8','1','2023-05-30 00:00:00',NULL,'N'),(20,'C','fghfgh','123123','한고객','010-2020-2020','nice4@nice.com','2023-05-16','222나2222','nice자동차','12345','서울 고객구 고객로 1','고객의 집1',NULL,'2023-05-30 00:00:00',NULL,'N'),(21,'C','vbnvbn','123123','오고객','010-3030-3030','ok4@ok.com','2023-05-16','333다3333','OK자동차','67890','서울 고객구 고객로 2','고객의 집2',NULL,'2023-05-30 00:00:00',NULL,'N'),(22,'C','tyutyu','123123','서고객','010-4040-4040','good5@good.com','2023-05-16','444라4444','good자동차','10101','서울 고객구 고객로 3','고객의 집3',NULL,'2023-05-30 00:00:00',NULL,'N'),(23,'C','ghjghj','123123','신고객','010-5050-5050','nice5@nice.com','2023-06-13','555마5555','nice자동차','03177','서울 종로구 새문안로 45 (신문로2가)','경희궁',NULL,'2023-06-01 00:00:00',NULL,'N'),(24,'C','bnmbnm','123123','권고객','010-6060-6060','ok5@ok.com','2023-06-19','666바6666','OK자동차','03135','서울 종로구 종로 157 (훈정동)','종묘',NULL,'2023-06-01 03:34:25',NULL,'N');
/*!40000 ALTER TABLE `members` ENABLE KEYS */;
UNLOCK TABLES;
/*!40103 SET TIME_ZONE=@OLD_TIME_ZONE */;

/*!40101 SET SQL_MODE=@OLD_SQL_MODE */;
/*!40014 SET FOREIGN_KEY_CHECKS=@OLD_FOREIGN_KEY_CHECKS */;
/*!40014 SET UNIQUE_CHECKS=@OLD_UNIQUE_CHECKS */;
/*!40101 SET CHARACTER_SET_CLIENT=@OLD_CHARACTER_SET_CLIENT */;
/*!40101 SET CHARACTER_SET_RESULTS=@OLD_CHARACTER_SET_RESULTS */;
/*!40101 SET COLLATION_CONNECTION=@OLD_COLLATION_CONNECTION */;
/*!40111 SET SQL_NOTES=@OLD_SQL_NOTES */;

-- Dump completed on 2023-06-09 13:18:49
